seas_id,season,player_id,player,pos,tm,g,mp,pg_percent,sg_percent,sf_percent,pf_percent,c_percent,position,value,ht_ft,ht_in,wt,full_in_ht,position_2
29648,2022,4219,Aaron Gordon,PF,DEN,71,2231,0,0,53,45,3,wing_big_percent,98,6,8,235,80,wing
29649,2022,4899,Aaron Henry,SF,PHI,6,17,0,11,69,21,0,wing_big_percent,90,NA,NA,NA,NA,wing
29651,2022,4582,Aaron Holiday,PG,WAS,41,663,100,0,0,0,0,guard_percent,100,6,0,185,72,guard
29652,2022,4582,Aaron Holiday,PG,PHO,17,290,97,3,0,0,0,guard_percent,100,6,0,185,72,guard
29653,2022,4805,Aaron Nesmith,SF,BOS,48,533,1,27,65,7,0,wing_small_percent,92,6,5,215,77,wing
29654,2022,4900,Aaron Wiggins,SG,OKC,48,1158,8,65,26,1,0,wing_small_percent,91,6,6,200,78,wing
29655,2022,4463,Abdel Nader,SF,PHO,14,145,0,13,86,1,0,wing_small_percent,99,NA,NA,NA,NA,wing
29656,2022,4901,Ade Murkey,SG,SAC,1,1,0,0,100,0,0,wing_small_percent,100,NA,NA,NA,NA,wing
29656,2022,4901,Ade Murkey,SG,SAC,1,1,0,0,100,0,0,wing_big_percent,100,NA,NA,NA,NA,wing
29657,2022,4688,Admiral Schofield,SF,ORL,35,408,0,5,58,37,0,wing_big_percent,95,6,5,241,77,wing
29658,2022,4902,Ahmad Caver,PG,IND,1,1,100,0,0,0,0,guard_percent,100,NA,NA,NA,NA,guard
29659,2022,3734,Al Horford,C,BOS,65,1887,0,0,0,1,99,big_percent,100,6,9,240,81,big
29660,2022,3982,Alec Burks,SG,NYK,76,2147,35,34,31,0,0,guard_percent,69,6,6,214,78,guard
29661,2022,4903,Aleem Ford,SF,ORL,5,74,0,11,44,33,11,wing_big_percent,77,NA,NA,NA,NA,wing
29662,2022,4806,Aleksej Pokusevski,PF,OKC,60,1197,0,0,2,50,49,big_percent,99,7,0,190,84,big
29663,2022,4465,Alex Caruso,SG,CHI,39,1103,36,61,3,0,0,guard_percent,97,6,4,186,76,guard
29664,2022,4142,Alex Len,C,SAC,38,616,0,0,0,0,100,big_percent,100,7,0,250,84,big
29665,2022,4466,Alfonzo McKinnie,SF,CHI,17,206,0,6,47,47,0,wing_big_percent,94,NA,NA,NA,NA,wing
29667,2022,4583,Alize Johnson,PF,CHI,16,121,0,0,4,20,76,big_percent,96,NA,NA,NA,NA,big
29668,2022,4583,Alize Johnson,PF,WAS,3,18,0,0,39,61,0,wing_big_percent,100,NA,NA,NA,NA,wing
29669,2022,4583,Alize Johnson,PF,NOP,4,28,0,0,4,69,27,big_percent,96,NA,NA,NA,NA,big
29670,2022,4904,Alperen Şengün,C,HOU,68,1353,0,0,0,24,76,big_percent,100,6,9,235,81,big
29671,2022,4690,Amir Coffey,SG,LAC,64,1467,3,53,39,5,0,wing_small_percent,92,6,7,210,79,wing
29673,2022,4064,Andre Drummond,C,PHI,49,902,0,0,0,1,99,big_percent,100,6,10,279,82,big
29674,2022,4064,Andre Drummond,C,BRK,19,435,0,0,0,0,100,big_percent,100,6,10,279,82,big
29675,2022,3500,Andre Iguodala,SF,GSW,28,550,0,12,64,23,2,wing_big_percent,87,6,6,215,78,wing
29676,2022,4223,Andrew Wiggins,SF,GSW,69,2198,0,1,63,34,2,wing_big_percent,97,6,7,197,79,wing
29677,2022,4586,Anfernee Simons,SG,POR,57,1681,68,32,0,0,0,guard_percent,100,6,3,181,75,guard
29678,2022,4066,Anthony Davis,C,LAL,37,1297,0,0,0,22,78,big_percent,100,6,10,253,82,big
29679,2022,4808,Anthony Edwards,SG,MIN,67,2301,2,27,68,4,0,wing_small_percent,95,6,4,225,76,wing
29680,2022,4809,Anthony Gill,PF,WAS,39,370,0,0,12,80,9,wing_big_percent,92,6,7,230,79,wing
29681,2022,4810,Anthony Lamb,SF,SAS,2,8,0,0,50,50,0,wing_big_percent,100,6,6,227,78,wing
29683,2022,4811,Armoni Brooks,SG,HOU,41,690,58,39,3,0,0,guard_percent,97,6,3,195,75,guard
29684,2022,4811,Armoni Brooks,PG,TOR,10,116,77,23,0,0,0,guard_percent,100,6,3,195,75,guard
29685,2022,4905,Arnoldas Kulboka,SF,CHO,1,3,0,0,0,100,0,wing_big_percent,100,6,9,198,81,wing
29685,2022,4905,Arnoldas Kulboka,SF,CHO,1,3,0,0,0,100,0,big_percent,100,6,9,198,81,big
29686,2022,4906,Austin Reaves,SG,LAL,57,1284,5,47,47,1,0,wing_small_percent,94,6,5,206,77,wing
29687,2022,4069,Austin Rivers,SG,DEN,62,1362,1,56,42,1,0,wing_small_percent,98,6,4,200,76,wing
29688,2022,3918,Avery Bradley,SG,LAL,59,1327,18,79,3,0,0,guard_percent,97,6,3,180,75,guard
29689,2022,4907,Ayo Dosunmu,SG,CHI,72,1959,23,65,13,0,0,guard_percent,88,6,5,200,77,guard
29690,2022,4588,B.J. Johnson,SF,ORL,4,65,1,49,50,0,0,wing_small_percent,99,NA,NA,NA,NA,wing
29691,2022,4472,Bam Adebayo,C,MIA,52,1700,0,0,0,2,98,big_percent,100,6,9,255,81,big
29692,2022,4148,Ben McLemore,SG,POR,58,1133,8,73,19,0,0,wing_small_percent,92,6,3,195,75,wing
29693,2022,3984,Bismack Biyombo,C,PHO,32,423,0,0,0,6,94,big_percent,100,6,8,255,80,big
29694,2022,3920,Blake Griffin,PF,BRK,55,952,0,0,8,52,40,big_percent,92,6,9,250,81,big
29695,2022,4306,Boban Marjanović,C,DAL,21,108,0,0,0,0,100,big_percent,100,7,3,290,87,big
29696,2022,4307,Bobby Portis,C,MIL,67,1904,0,0,0,5,95,big_percent,100,6,10,250,82,big
29697,2022,4475,Bogdan Bogdanović,SG,ATL,58,1700,0,37,63,1,0,wing_small_percent,100,6,6,220,78,wing
29698,2022,4224,Bojan Bogdanović,PF,UTA,65,2002,0,0,4,95,1,wing_big_percent,99,6,7,226,79,wing
29699,2022,4692,Bol Bol,PF,DEN,14,81,0,0,0,14,86,big_percent,100,7,2,220,86,big
29700,2022,4908,Bones Hyland,PG,DEN,64,1192,50,49,1,0,0,guard_percent,99,6,3,173,75,guard
29702,2022,4591,Brad Wanamaker,PG,IND,22,293,92,9,0,0,0,guard_percent,101,NA,NA,NA,NA,guard
29703,2022,4591,Brad Wanamaker,PG,WAS,1,27,100,0,0,0,0,guard_percent,100,NA,NA,NA,NA,guard
29704,2022,4072,Bradley Beal,SG,WAS,40,1439,16,83,1,0,0,guard_percent,99,6,4,207,76,guard
29705,2022,4909,Brandon Boston Jr.,SG,LAC,50,722,13,39,47,2,0,wing_small_percent,86,6,7,185,79,wing
29706,2022,4693,Brandon Clarke,PF,MEM,60,1167,0,0,18,82,1,wing_big_percent,100,6,8,215,80,wing
29707,2022,4592,Brandon Goodwin,PG,CLE,33,482,100,0,0,0,0,guard_percent,100,6,0,180,72,guard
29708,2022,4379,Brandon Ingram,SF,NOP,52,1766,0,20,63,18,0,wing_small_percent,83,6,8,190,80,wing
29709,2022,3985,Brandon Knight,PG,DAL,4,61,47,53,0,0,0,guard_percent,100,6,2,182,74,guard
29710,2022,4910,Brandon Williams,PG,POR,19,508,100,0,0,0,0,guard_percent,100,6,2,190,74,guard
29712,2022,4911,Braxton Key,SF,PHI,2,6,0,0,0,100,0,wing_big_percent,100,6,8,230,80,wing
29712,2022,4911,Braxton Key,SF,PHI,2,6,0,0,0,100,0,big_percent,100,6,8,230,80,big
29713,2022,4911,Braxton Key,SF,DET,4,72,0,0,14,86,0,wing_big_percent,100,6,8,230,80,wing
29714,2022,4813,Brodric Thomas,SG,BOS,10,48,52,48,0,0,0,guard_percent,100,6,5,185,77,guard
29715,2022,3801,Brook Lopez,C,MIL,9,202,0,0,0,0,100,big_percent,100,7,0,282,84,big
29716,2022,4594,Bruce Brown,SF,BRK,68,1631,0,26,65,9,0,wing_small_percent,91,6,4,202,76,wing
29718,2022,4695,Bruno Fernando,C,BOS,20,58,0,0,0,12,88,big_percent,100,6,9,240,81,big
29719,2022,4695,Bruno Fernando,C,HOU,9,76,0,0,0,0,100,big_percent,100,6,9,240,81,big
29721,2022,4381,Bryn Forbes,SG,SAS,40,676,28,70,2,0,0,guard_percent,98,6,2,205,74,guard
29722,2022,4381,Bryn Forbes,SG,DEN,33,567,1,87,13,0,0,wing_small_percent,100,6,2,205,74,wing
29724,2022,4382,Buddy Hield,SG,SAC,55,1574,0,31,66,3,0,wing_small_percent,97,6,4,220,76,wing
29725,2022,4382,Buddy Hield,SG,IND,21,754,3,54,42,1,0,wing_small_percent,96,6,4,220,76,wing
29726,2022,3582,C.J. Miles,SG,BOS,1,2,0,100,0,0,0,guard_percent,100,NA,NA,NA,NA,guard
29726,2022,3582,C.J. Miles,SG,BOS,1,2,0,100,0,0,0,wing_small_percent,100,NA,NA,NA,NA,wing
29727,2022,4912,Cade Cunningham,PG,DET,61,2004,2,86,12,0,0,wing_small_percent,98,6,6,220,78,wing
29728,2022,4696,Caleb Martin,SF,MIA,57,1293,1,19,59,22,0,wing_big_percent,81,6,5,205,77,wing
29730,2022,4697,Cam Reddish,SF,ATL,34,797,0,1,80,19,0,wing_big_percent,99,6,8,218,80,wing
29731,2022,4697,Cam Reddish,SF,NYK,15,215,0,0,79,21,0,wing_big_percent,100,6,8,218,80,wing
29732,2022,4913,Cam Thomas,SG,BRK,62,1120,1,53,44,2,0,wing_small_percent,97,6,4,210,76,wing
29733,2022,4698,Cameron Johnson,PF,PHO,60,1579,0,0,3,91,6,big_percent,97,6,8,210,80,big
29734,2022,4914,Cameron McGriff,SF,POR,3,46,0,0,14,78,8,wing_big_percent,92,NA,NA,NA,NA,wing
29735,2022,4814,Cameron Oliver,SF,ATL,2,43,0,0,0,38,62,big_percent,100,NA,NA,NA,NA,big
29736,2022,4311,Cameron Payne,PG,PHO,54,1199,81,19,0,0,0,guard_percent,100,6,1,183,73,guard
29738,2022,4383,Caris LeVert,SG,IND,39,1214,8,60,31,0,0,wing_small_percent,91,6,6,205,78,wing
29739,2022,4383,Caris LeVert,SG,CLE,14,399,9,89,1,0,0,guard_percent,98,6,6,205,78,guard
29741,2022,4915,Carlik Jones,PG,DAL,3,19,100,0,0,0,0,guard_percent,100,NA,NA,NA,NA,guard
29742,2022,4915,Carlik Jones,PG,DEN,2,4,100,0,0,0,0,guard_percent,100,NA,NA,NA,NA,guard
29743,2022,3435,Carmelo Anthony,PF,LAL,67,1744,0,0,0,58,42,big_percent,100,6,7,238,79,big
29744,2022,4815,Cassius Stanley,SG,DET,9,155,5,49,46,0,0,wing_small_percent,95,NA,NA,NA,NA,wing
29745,2022,4816,Cassius Winston,PG,WAS,5,27,53,47,0,0,0,guard_percent,100,6,1,185,73,guard
29746,2022,4916,Cat Barber,PG,ATL,3,13,100,0,0,0,0,guard_percent,100,NA,NA,NA,NA,guard
29747,2022,4479,Cedi Osman,SF,CLE,61,1368,0,33,59,8,0,wing_small_percent,92,6,7,230,79,wing
29748,2022,4596,Chandler Hutchison,SF,PHO,6,22,0,16,54,30,0,wing_big_percent,84,NA,NA,NA,NA,wing
29749,2022,4917,Charles Bassey,PF,PHI,23,168,0,0,0,20,80,big_percent,100,6,11,235,83,big
29751,2022,4700,Charlie Brown,SG,DAL,3,15,0,35,51,14,0,wing_small_percent,86,NA,NA,NA,NA,wing
29752,2022,4700,Charlie Brown,SG,PHI,19,162,5,59,36,0,0,wing_small_percent,95,NA,NA,NA,NA,wing
29754,2022,4918,Chaundee Brown Jr.,SF,LAL,2,21,0,4,71,25,0,wing_big_percent,96,NA,NA,NA,NA,wing
29755,2022,4918,Chaundee Brown Jr.,SG,ATL,3,83,1,41,59,0,0,wing_small_percent,100,NA,NA,NA,NA,wing
29756,2022,4385,Cheick Diallo,C,DET,3,31,0,0,0,0,100,big_percent,100,NA,NA,NA,NA,big
29757,2022,4597,Chimezie Metu,C,SAC,55,1151,0,0,0,73,27,big_percent,100,6,9,225,81,big
29758,2022,4481,Chris Boucher,PF,TOR,74,1556,1,22,46,28,4,wing_big_percent,74,6,9,200,81,wing
29759,2022,4598,Chris Chiozza,PG,GSW,34,372,100,0,0,0,0,guard_percent,100,5,11,175,71,guard
29760,2022,4919,Chris Duarte,SG,IND,55,1541,23,62,15,0,0,guard_percent,85,6,6,190,78,guard
29761,2022,3585,Chris Paul,PG,PHO,61,2015,100,0,0,0,0,guard_percent,100,6,0,175,72,guard
29763,2022,4702,Chris Silva,PF,MIN,1,3,0,0,0,0,100,big_percent,100,NA,NA,NA,NA,big
29764,2022,4702,Chris Silva,PF,MIA,9,88,0,0,0,19,81,big_percent,100,NA,NA,NA,NA,big
29765,2022,4313,Christian Wood,C,HOU,68,2094,0,0,0,0,100,big_percent,100,6,10,214,82,big
29766,2022,4817,Chuma Okeke,PF,ORL,65,1608,0,0,5,91,5,wing_big_percent,96,6,6,229,78,wing
29766,2022,4817,Chuma Okeke,PF,ORL,65,1608,0,0,5,91,5,big_percent,96,6,6,229,78,big
29767,2022,4818,CJ Elleby,SF,POR,52,1004,0,7,61,31,1,wing_big_percent,92,6,6,200,78,wing
29769,2022,4154,CJ McCollum,SG,POR,36,1267,4,90,7,0,0,wing_small_percent,97,6,3,190,75,wing
29770,2022,4154,CJ McCollum,SG,NOP,20,706,39,59,2,0,0,guard_percent,98,6,3,190,75,guard
29771,2022,4230,Clint Capela,C,ATL,69,1904,0,0,0,0,100,big_percent,100,6,10,240,82,big
29772,2022,4703,Coby White,PG,CHI,57,1561,99,1,0,0,0,guard_percent,100,6,5,195,77,guard
29773,2022,4704,Cody Martin,SF,CHO,66,1740,6,65,27,1,0,wing_small_percent,92,6,5,205,77,wing
29774,2022,4155,Cody Zeller,C,POR,27,355,0,0,0,0,100,big_percent,100,NA,NA,NA,NA,big
29775,2022,4819,Cole Anthony,PG,ORL,63,2030,99,1,0,0,0,guard_percent,100,6,2,185,74,guard
29776,2022,4599,Collin Sexton,SG,CLE,11,316,8,86,6,0,0,guard_percent,94,6,1,190,73,guard
29777,2022,4920,Corey Kispert,SF,WAS,71,1617,0,33,64,2,0,wing_small_percent,97,6,7,220,79,wing
29778,2022,3992,Cory Joseph,PG,DET,65,1600,95,6,0,0,0,guard_percent,101,6,3,200,75,guard
29779,2022,4921,Craig Sword,SG,WAS,3,19,34,66,0,0,0,guard_percent,100,NA,NA,NA,NA,guard
29781,2022,3805,D.J. Augustin,PG,HOU,34,510,100,0,0,0,0,guard_percent,100,5,11,183,71,guard
29782,2022,3805,D.J. Augustin,PG,LAL,15,260,100,0,0,0,0,guard_percent,100,5,11,183,71,guard
29783,2022,4482,D.J. Wilson,PF,TOR,4,54,0,0,0,16,84,big_percent,100,NA,NA,NA,NA,big
29784,2022,4317,D'Angelo Russell,PG,MIN,62,1977,55,46,0,0,0,guard_percent,101,6,4,193,76,guard
29785,2022,4922,Daishen Nix,SG,HOU,20,213,0,18,77,5,0,wing_small_percent,95,6,5,224,77,wing
29786,2022,4820,Dakota Mathias,SG,MEM,6,16,80,20,0,0,0,guard_percent,100,NA,NA,NA,NA,guard
29787,2022,4923,Dalano Banton,SF,TOR,63,691,8,36,47,9,0,wing_small_percent,83,6,9,204,81,wing
29788,2022,4387,Damian Jones,C,SAC,51,864,0,0,0,0,100,big_percent,100,6,11,245,83,big
29789,2022,4077,Damian Lillard,PG,POR,29,1056,100,0,0,0,0,guard_percent,100,6,2,195,74,guard
29790,2022,4484,Damion Lee,SG,GSW,59,1180,3,67,30,1,0,wing_small_percent,97,6,5,210,77,wing
29791,2022,4485,Damyean Dotson,SG,NYK,2,21,30,70,0,0,0,guard_percent,100,NA,NA,NA,NA,guard
29792,2022,4705,Daniel Gafford,C,WAS,66,1321,0,0,0,0,100,big_percent,100,6,10,234,82,big
29793,2022,4821,Daniel Oturu,C,TOR,3,27,0,0,0,0,100,big_percent,100,NA,NA,NA,NA,big
29795,2022,4487,Daniel Theis,C,HOU,26,584,0,0,0,61,40,big_percent,101,6,8,245,80,big
29796,2022,4487,Daniel Theis,C,BOS,16,253,0,0,0,22,78,big_percent,100,6,8,245,80,big
29797,2022,3807,Danilo Gallinari,PF,ATL,62,1548,0,0,0,75,26,big_percent,101,6,10,233,82,big
29798,2022,3867,Danny Green,SF,PHI,56,1213,0,6,84,10,0,wing_big_percent,94,6,6,215,78,wing
29800,2022,4389,Danuel House,SF,HOU,16,233,0,0,11,88,1,wing_big_percent,99,NA,NA,NA,NA,wing
29801,2022,4389,Danuel House,SF,NYK,1,3,0,0,100,0,0,wing_small_percent,100,NA,NA,NA,NA,wing
29801,2022,4389,Danuel House,SF,NYK,1,3,0,0,100,0,0,wing_big_percent,100,NA,NA,NA,NA,wing
29802,2022,4389,Danuel House,SF,UTA,20,367,0,2,79,19,0,wing_big_percent,98,NA,NA,NA,NA,wing
29803,2022,4706,DaQuan Jeffries,SG,MEM,3,9,0,10,53,37,0,wing_big_percent,90,NA,NA,NA,NA,wing
29804,2022,4707,Darius Bazley,PF,OKC,69,1924,0,0,16,77,7,wing_big_percent,93,6,8,208,80,wing
29805,2022,4708,Darius Garland,PG,CLE,63,2252,95,5,0,0,0,guard_percent,100,6,1,192,73,guard
29806,2022,3869,Darren Collison,PG,LAL,3,37,100,0,0,0,0,guard_percent,100,NA,NA,NA,NA,guard
29807,2022,4924,David Duke Jr.,PG,BRK,21,340,19,78,3,0,0,guard_percent,97,6,5,205,77,guard
29808,2022,4925,David Johnson,SG,TOR,2,2,0,100,0,0,0,guard_percent,100,6,5,210,77,guard
29808,2022,4925,David Johnson,SG,TOR,2,2,0,100,0,0,0,wing_small_percent,100,6,5,210,77,wing
29809,2022,4391,David Nwaba,SF,HOU,45,596,0,2,49,45,4,wing_big_percent,94,6,5,219,77,wing
29810,2022,4926,Davion Mitchell,PG,SAC,70,1881,63,37,0,0,0,guard_percent,100,6,2,205,74,guard
29812,2022,4392,Dāvis Bertāns,PF,WAS,34,501,0,0,0,81,20,big_percent,101,6,10,225,82,big
29813,2022,4392,Dāvis Bertāns,PF,DAL,17,231,0,0,0,75,25,big_percent,100,6,10,225,82,big
29814,2022,4488,Davon Reed,SG,DEN,43,577,0,10,66,23,0,wing_big_percent,89,6,5,208,77,wing
29815,2022,4927,Day'Ron Sharpe,PF,BRK,32,391,0,0,0,5,96,big_percent,101,6,11,265,83,big
29816,2022,4489,De'Aaron Fox,PG,SAC,59,2083,100,0,0,0,0,guard_percent,100,6,3,185,75,guard
29817,2022,4709,De'Andre Hunter,SF,ATL,48,1428,0,0,68,32,0,wing_big_percent,100,6,8,225,80,wing
29818,2022,4602,De'Anthony Melton,SG,MEM,68,1528,16,81,3,0,0,guard_percent,97,6,2,200,74,guard
29819,2022,4710,Dean Wade,PF,CLE,51,980,0,1,62,34,3,wing_big_percent,96,6,9,228,81,wing
29820,2022,4603,Deandre Ayton,C,PHO,55,1626,0,0,0,0,100,big_percent,100,6,11,250,83,big
29822,2022,3810,DeAndre Jordan,C,LAL,32,408,0,0,0,0,100,big_percent,100,6,11,265,83,big
29823,2022,3810,DeAndre Jordan,C,PHI,12,162,0,0,0,0,100,big_percent,100,6,11,265,83,big
29825,2022,4393,DeAndre' Bembry,SF,BRK,48,949,0,15,65,20,0,wing_big_percent,85,6,5,210,77,wing
29826,2022,4393,DeAndre' Bembry,SF,MIL,8,77,0,30,67,3,0,wing_small_percent,97,6,5,210,77,wing
29827,2022,4822,Deividas Sirvydis,SG,DET,3,27,0,3,69,28,0,wing_big_percent,97,NA,NA,NA,NA,wing
29828,2022,4928,DeJon Jarreau,SG,IND,1,1,0,100,0,0,0,guard_percent,100,NA,NA,NA,NA,guard
29828,2022,4928,DeJon Jarreau,SG,IND,1,1,0,100,0,0,0,wing_small_percent,100,NA,NA,NA,NA,wing
29829,2022,4394,Dejounte Murray,PG,SAS,67,2334,93,8,0,0,0,guard_percent,101,6,4,180,76,guard
29830,2022,4320,Delon Wright,SG,ATL,72,1349,34,65,1,0,0,guard_percent,99,6,5,185,77,guard
29831,2022,3872,DeMar DeRozan,PF,CHI,72,2605,0,0,9,83,8,wing_big_percent,92,6,6,220,78,wing
29833,2022,3926,DeMarcus Cousins,C,MIL,17,287,0,0,0,0,100,big_percent,100,6,10,270,82,big
29834,2022,3926,DeMarcus Cousins,C,DEN,26,376,0,0,0,1,99,big_percent,100,6,10,270,82,big
29835,2022,4823,Deni Avdija,SF,WAS,76,1809,0,7,66,27,0,wing_big_percent,93,6,9,210,81,wing
29837,2022,4157,Dennis Schröder,SG,BOS,49,1433,48,51,0,0,0,guard_percent,99,6,3,172,75,guard
29838,2022,4157,Dennis Schröder,PG,HOU,15,404,100,0,0,0,0,guard_percent,100,6,3,172,75,guard
29839,2022,4490,Dennis Smith Jr.,PG,POR,37,638,95,5,0,0,0,guard_percent,100,NA,NA,NA,NA,guard
29841,2022,4396,Denzel Valentine,SG,CLE,22,204,5,71,25,0,0,wing_small_percent,96,NA,NA,NA,NA,wing
29842,2022,4396,Denzel Valentine,SG,UTA,2,18,0,0,100,0,0,wing_small_percent,100,NA,NA,NA,NA,wing
29842,2022,4396,Denzel Valentine,SG,UTA,2,18,0,0,100,0,0,wing_big_percent,100,NA,NA,NA,NA,wing
29843,2022,3928,Derrick Favors,C,OKC,39,653,0,0,0,0,100,big_percent,100,6,9,265,81,big
29844,2022,4397,Derrick Jones Jr.,PF,CHI,46,805,0,0,43,46,10,wing_big_percent,89,6,5,210,77,wing
29845,2022,3812,Derrick Rose,PG,NYK,26,636,100,0,0,0,0,guard_percent,100,6,2,200,74,guard
29846,2022,4491,Derrick Walton,PG,DET,3,108,100,0,0,0,0,guard_percent,100,NA,NA,NA,NA,guard
29848,2022,4492,Derrick White,SG,SAS,49,1486,16,78,6,0,0,guard_percent,94,6,4,190,76,guard
29849,2022,4492,Derrick White,SG,BOS,21,577,15,84,1,0,0,guard_percent,99,6,4,190,76,guard
29850,2022,4824,Desmond Bane,SF,MEM,73,2186,0,56,43,1,0,wing_small_percent,99,6,5,215,77,wing
29851,2022,4321,Devin Booker,SG,PHO,65,2240,4,81,15,0,0,wing_small_percent,96,6,5,206,77,wing
29852,2022,4826,Devin Vassell,SF,SAS,66,1784,0,17,68,15,0,wing_small_percent,85,6,5,200,77,wing
29853,2022,4827,Devon Dotson,PG,CHI,11,85,100,0,0,0,0,guard_percent,100,NA,NA,NA,NA,guard
29854,2022,4712,Devontae Cacok,PF,SAS,11,92,0,0,0,93,7,big_percent,100,6,7,240,79,big
29855,2022,4607,Devonte' Graham,PG,NOP,71,2074,93,7,0,0,0,guard_percent,100,6,1,195,73,guard
29856,2022,4158,Dewayne Dedmon,C,MIA,65,1031,0,0,0,0,100,big_percent,100,7,0,245,84,big
29858,2022,4828,Didi Louzada,SF,NOP,2,7,0,0,0,100,0,wing_big_percent,100,6,5,188,77,wing
29858,2022,4828,Didi Louzada,SF,NOP,2,7,0,0,0,100,0,big_percent,100,6,5,188,77,big
29859,2022,4828,Didi Louzada,SG,POR,1,12,0,0,100,0,0,wing_small_percent,100,6,5,188,77,wing
29859,2022,4828,Didi Louzada,SG,POR,1,12,0,0,100,0,0,wing_big_percent,100,6,5,188,77,wing
29860,2022,4494,Dillon Brooks,SF,MEM,29,800,0,10,87,3,0,wing_small_percent,97,6,7,225,79,wing
29862,2022,4400,Domantas Sabonis,C,IND,47,1632,0,0,0,51,49,big_percent,100,6,11,240,83,big
29863,2022,4400,Domantas Sabonis,PF,SAC,15,504,0,0,0,20,80,big_percent,100,6,11,240,83,big
29864,2022,4495,Donovan Mitchell,SG,UTA,64,2157,45,55,1,0,0,guard_percent,100,6,1,215,73,guard
29866,2022,4608,Donte DiVincenzo,SG,MIL,17,341,15,76,9,0,0,guard_percent,91,6,4,203,76,guard
29867,2022,4608,Donte DiVincenzo,SG,SAC,20,528,6,61,31,2,0,wing_small_percent,92,6,4,203,76,wing
29868,2022,4401,Dorian Finney-Smith,PF,DAL,75,2488,0,0,35,63,2,wing_big_percent,98,6,7,220,79,wing
29869,2022,4237,Doug McDermott,PF,SAS,51,1223,0,0,0,97,3,big_percent,100,6,7,225,79,big
29870,2022,4085,Draymond Green,PF,GSW,41,1189,0,0,7,75,18,big_percent,93,6,6,230,78,big
29872,2022,4610,Drew Eubanks,C,SAS,49,595,0,0,0,6,94,big_percent,100,6,9,245,81,big
29873,2022,4610,Drew Eubanks,C,POR,17,496,0,0,0,0,100,big_percent,100,6,9,245,81,big
29874,2022,4929,Duane Washington Jr.,PG,IND,43,860,64,36,0,0,0,guard_percent,100,6,3,210,75,guard
29875,2022,4611,Duncan Robinson,SG,MIA,74,1939,2,63,35,1,0,wing_small_percent,98,6,7,215,79,wing
29876,2022,3520,Dwight Howard,C,LAL,55,857,0,0,0,0,100,big_percent,100,6,10,265,82,big
29877,2022,4239,Dwight Powell,C,DAL,77,1663,0,0,0,0,100,big_percent,100,6,10,240,82,big
29878,2022,4829,Dylan Windler,SF,CLE,47,436,0,62,37,1,0,wing_small_percent,99,6,6,196,78,wing
29879,2022,3932,Ed Davis,C,CLE,28,191,0,0,0,7,93,big_percent,100,6,9,218,81,big
29880,2022,4240,Elfrid Payton,PG,PHO,47,514,51,47,3,0,0,guard_percent,98,6,3,195,75,guard
29882,2022,4831,Elijah Hughes,SF,UTA,14,112,0,32,57,11,0,wing_small_percent,89,6,5,215,77,wing
29883,2022,4831,Elijah Hughes,SG,POR,17,248,1,42,53,4,0,wing_small_percent,95,6,5,215,77,wing
29884,2022,4615,Emanuel Terry,PF,PHO,3,18,0,0,0,8,93,big_percent,101,NA,NA,NA,NA,big
29885,2022,4324,Emmanuel Mudiay,PG,SAC,2,11,100,0,0,0,0,guard_percent,100,NA,NA,NA,NA,guard
29886,2022,4006,Enes Kanter,C,BOS,35,411,0,0,0,0,100,big_percent,100,NA,NA,NA,NA,big
29887,2022,3934,Eric Bledsoe,PG,LAC,54,1361,100,0,0,0,0,guard_percent,100,6,1,214,73,guard
29888,2022,3815,Eric Gordon,SG,HOU,57,1669,15,46,38,0,0,wing_small_percent,84,6,3,215,75,wing
29889,2022,4716,Eric Paschall,PF,UTA,56,724,0,0,7,78,15,big_percent,93,6,6,255,78,big
29890,2022,4930,Eugene Omoruyi,SF,DAL,4,18,0,0,0,100,0,wing_big_percent,100,NA,NA,NA,NA,wing
29890,2022,4930,Eugene Omoruyi,SF,DAL,4,18,0,0,0,100,0,big_percent,100,NA,NA,NA,NA,big
29891,2022,4086,Evan Fournier,SG,NYK,75,2227,0,72,28,0,0,wing_small_percent,100,6,7,205,79,wing
29892,2022,4931,Evan Mobley,PF,CLE,67,2274,0,0,27,41,31,big_percent,72,7,0,215,84,big
29893,2022,4832,Facundo Campazzo,PG,DEN,63,1173,100,0,0,0,0,guard_percent,100,5,10,195,70,guard
29894,2022,4616,Frank Jackson,PG,DET,48,1040,43,56,1,0,0,guard_percent,99,6,3,205,75,guard
29895,2022,4325,Frank Kaminsky,C,PHO,9,181,0,0,0,0,100,big_percent,100,7,0,240,84,big
29896,2022,4500,Frank Ntilikina,PG,DAL,55,674,21,76,3,0,0,guard_percent,97,6,4,200,76,guard
29897,2022,4932,Franz Wagner,SF,ORL,77,2422,0,1,74,25,0,wing_big_percent,99,6,9,225,81,wing
29898,2022,4403,Fred VanVleet,PG,TOR,62,2345,97,3,0,0,0,guard_percent,100,6,1,197,73,guard
29899,2022,4833,Freddie Gillespie,PF,ORL,9,119,0,0,0,28,72,big_percent,100,NA,NA,NA,NA,big
29900,2022,4501,Furkan Korkmaz,SG,PHI,62,1359,1,26,68,5,0,wing_small_percent,94,6,7,202,79,wing
29901,2022,4717,Gabe Vincent,PG,MIA,64,1516,68,32,0,0,0,guard_percent,100,6,3,200,75,guard
29902,2022,4834,Gabriel Deck,PF,OKC,7,56,0,0,14,72,14,wing_big_percent,86,6,8,232,80,wing
29902,2022,4834,Gabriel Deck,PF,OKC,7,56,0,0,14,72,14,big_percent,86,6,8,232,80,big
29903,2022,3877,Garrett Temple,SG,NOP,56,1059,17,80,3,0,0,guard_percent,97,6,5,195,77,guard
29904,2022,4718,Garrison Mathews,SG,HOU,60,1571,1,13,84,2,0,wing_small_percent,97,6,5,215,77,wing
29905,2022,4617,Gary Clark,PF,NOP,34,331,0,0,34,65,1,wing_big_percent,99,6,6,225,78,wing
29906,2022,4245,Gary Harris,SG,ORL,61,1730,3,82,15,0,0,wing_small_percent,97,6,4,210,76,wing
29907,2022,4404,Gary Payton II,PG,GSW,66,1141,41,59,0,0,0,guard_percent,100,6,3,190,75,guard
29908,2022,4618,Gary Trent Jr.,SG,TOR,64,2222,20,80,1,0,0,guard_percent,100,6,5,209,77,guard
29909,2022,3816,George Hill,SG,MIL,49,1166,60,39,1,0,0,guard_percent,99,6,4,188,76,guard
29910,2022,4619,George King,SF,DAL,4,19,0,0,26,74,0,wing_big_percent,100,NA,NA,NA,NA,wing
29911,2022,4405,Georges Niang,PF,PHI,72,1658,0,0,35,63,2,wing_big_percent,98,6,7,230,79,wing
29912,2022,4933,Georgios Kalaitzakis,SF,MIL,9,48,0,15,68,15,2,wing_small_percent,83,NA,NA,NA,NA,wing
29912,2022,4933,Georgios Kalaitzakis,SF,MIL,9,48,0,15,68,15,2,wing_big_percent,83,NA,NA,NA,NA,wing
29913,2022,4164,Giannis Antetokounmpo,PF,MIL,63,2075,0,0,0,59,41,big_percent,100,6,11,242,83,big
29914,2022,4719,Goga Bitadze,C,IND,48,689,0,0,0,0,100,big_percent,100,6,11,250,83,big
29916,2022,3817,Goran Dragić,PG,TOR,5,90,61,39,0,0,0,guard_percent,100,6,3,190,75,guard
29917,2022,3817,Goran Dragić,PG,BRK,16,408,35,51,14,0,0,guard_percent,86,6,3,190,75,guard
29918,2022,3941,Gordon Hayward,SF,CHO,48,1547,0,3,78,19,0,wing_big_percent,97,6,7,225,79,wing
29919,2022,4167,Gorgui Dieng,C,ATL,43,370,0,0,0,0,100,big_percent,100,6,10,252,82,big
29920,2022,4720,Grant Williams,PF,BOS,72,1738,0,0,4,93,3,wing_big_percent,97,6,6,236,78,wing
29921,2022,4620,Grayson Allen,SG,MIL,64,1757,6,84,10,0,0,wing_small_percent,94,6,4,198,76,wing
29922,2022,4934,Greg Brown III,SF,POR,42,495,0,0,0,91,9,big_percent,100,6,9,205,81,big
29924,2022,3942,Greg Monroe,C,MIN,3,63,0,0,0,0,100,big_percent,100,6,11,265,83,big
29925,2022,3942,Greg Monroe,C,WAS,2,18,0,0,0,0,100,big_percent,100,6,11,265,83,big
29926,2022,3942,Greg Monroe,C,MIL,5,70,0,0,0,0,100,big_percent,100,6,11,265,83,big
29927,2022,3942,Greg Monroe,C,UTA,2,21,0,0,0,0,100,big_percent,100,6,11,265,83,big
29928,2022,4621,Hamidou Diallo,SG,DET,58,1269,0,17,79,4,0,wing_small_percent,96,6,5,202,77,wing
29929,2022,4089,Harrison Barnes,PF,SAC,72,2447,0,0,48,51,1,wing_big_percent,99,6,8,225,80,wing
29930,2022,3945,Hassan Whiteside,C,UTA,60,1086,0,0,0,0,100,big_percent,100,7,0,265,84,big
29931,2022,4935,Hassani Gravett,PG,ORL,8,171,87,13,0,0,0,guard_percent,100,NA,NA,NA,NA,guard
29932,2022,4623,Haywood Highsmith,SF,MIA,16,117,0,0,29,71,1,wing_big_percent,100,6,7,220,79,wing
29933,2022,4936,Herbert Jones,PF,NOP,73,2191,0,0,20,78,2,wing_big_percent,98,6,8,210,80,wing
29934,2022,4721,Ignas Brazdeikis,SF,ORL,37,385,3,33,48,17,0,wing_small_percent,81,6,6,221,78,wing
29935,2022,4837,Immanuel Quickley,PG,NYK,73,1634,57,43,0,0,0,guard_percent,100,6,3,190,75,guard
29936,2022,4624,Isaac Bonga,SF,TOR,15,69,3,51,43,4,0,wing_small_percent,94,6,8,180,80,wing
29937,2022,4838,Isaac Okoro,SF,CLE,62,1843,1,71,27,1,0,wing_small_percent,98,6,5,225,77,wing
29938,2022,4627,Isaiah Hartenstein,C,LAC,63,1095,0,0,0,0,100,big_percent,100,7,0,250,84,big
29939,2022,4937,Isaiah Jackson,PF,IND,31,414,0,0,0,26,74,big_percent,100,6,10,206,82,big
29940,2022,4839,Isaiah Joe,SG,PHI,52,566,25,65,10,0,0,guard_percent,90,6,4,165,76,guard
29941,2022,4938,Isaiah Livers,SF,DET,14,237,0,3,56,41,0,wing_big_percent,97,6,7,230,79,wing
29942,2022,4722,Isaiah Roby,PF,OKC,39,782,0,0,6,48,46,big_percent,94,6,8,230,80,big
29943,2022,4840,Isaiah Stewart,C,DET,66,1720,0,0,0,2,98,big_percent,100,6,8,250,80,big
29945,2022,4012,Isaiah Thomas,PG,LAL,4,101,100,0,0,0,0,guard_percent,100,5,9,185,69,guard
29946,2022,4012,Isaiah Thomas,PG,DAL,1,13,100,0,0,0,0,guard_percent,100,5,9,185,69,guard
29947,2022,4012,Isaiah Thomas,PG,CHO,12,160,100,0,0,0,0,guard_percent,100,5,9,185,69,guard
29948,2022,4939,Isaiah Todd,PF,WAS,10,41,0,0,11,47,42,big_percent,89,6,10,220,82,big
29950,2022,3946,Ish Smith,PG,CHO,37,511,100,0,0,0,0,guard_percent,100,6,0,175,72,guard
29951,2022,3946,Ish Smith,PG,WAS,22,471,100,0,0,0,0,guard_percent,100,6,0,175,72,guard
29952,2022,4940,Ish Wainright,PF,PHO,41,288,0,2,29,65,4,wing_big_percent,94,6,6,250,78,wing
29953,2022,4410,Ivica Zubac,C,LAC,71,1733,0,0,0,0,100,big_percent,100,7,0,240,84,big
29954,2022,4723,Ja Morant,PG,MEM,56,1862,90,10,0,0,0,guard_percent,100,6,3,174,75,guard
29955,2022,4249,Jabari Parker,PF,BOS,12,112,0,0,0,28,72,big_percent,100,NA,NA,NA,NA,big
29956,2022,4841,Jaden McDaniels,PF,MIN,67,1749,0,0,33,67,0,wing_big_percent,100,6,9,185,81,wing
29957,2022,4941,Jaden Springer,SG,PHI,2,6,0,37,63,0,0,wing_small_percent,100,6,4,204,76,wing
29958,2022,4091,Jae Crowder,PF,PHO,64,1809,0,0,16,84,0,wing_big_percent,100,6,6,235,78,wing
29959,2022,4842,Jae'Sean Tate,SF,HOU,73,1923,0,1,36,64,0,wing_big_percent,100,6,4,230,76,wing
29960,2022,4843,Jahmi'us Ramsey,SG,SAC,19,134,27,66,7,0,0,guard_percent,93,NA,NA,NA,NA,guard
29961,2022,4942,Jaime Echenique,C,WAS,1,3,0,0,0,0,100,big_percent,100,NA,NA,NA,NA,big
29962,2022,4411,Jake Layman,SF,MIN,33,214,0,2,53,45,0,wing_big_percent,98,6,8,209,80,wing
29963,2022,4412,Jakob Poeltl,C,SAS,64,1864,0,0,0,0,100,big_percent,100,7,1,245,85,big
29964,2022,4630,Jalen Brunson,PG,DAL,74,2374,96,4,0,0,0,guard_percent,100,6,1,190,73,guard
29965,2022,4943,Jalen Green,SG,HOU,62,1945,20,77,4,0,0,guard_percent,97,6,4,178,76,guard
29966,2022,4944,Jalen Johnson,PF,ATL,19,111,0,0,0,88,12,big_percent,100,6,9,220,81,big
29967,2022,4725,Jalen McDaniels,SF,CHO,50,815,0,1,31,66,2,wing_big_percent,97,6,9,205,81,wing
29969,2022,4845,Jalen Smith,PF,PHO,29,382,0,0,0,29,71,big_percent,100,6,10,215,82,big
29970,2022,4845,Jalen Smith,PF,IND,19,469,0,0,0,19,81,big_percent,100,6,10,215,82,big
29971,2022,4945,Jalen Suggs,PG,ORL,46,1273,47,53,0,0,0,guard_percent,100,6,4,205,76,guard
29972,2022,4946,James Bouknight,SG,CHO,28,296,30,57,13,0,0,guard_percent,87,6,5,190,77,guard
29974,2022,4252,James Ennis,SF,BRK,2,14,0,0,11,89,0,wing_big_percent,100,NA,NA,NA,NA,wing
29975,2022,4252,James Ennis,SF,LAC,2,28,0,0,42,58,0,wing_big_percent,100,NA,NA,NA,NA,wing
29976,2022,4252,James Ennis,SF,DEN,3,14,0,0,31,69,0,wing_big_percent,100,NA,NA,NA,NA,wing
29978,2022,3880,James Harden,PG,BRK,44,1627,29,56,15,0,0,guard_percent,85,6,5,220,77,guard
29979,2022,3880,James Harden,SG,PHI,16,603,5,40,55,0,0,wing_small_percent,95,6,5,220,77,wing
29980,2022,3881,James Johnson,PF,BRK,61,1160,0,0,28,67,4,wing_big_percent,95,6,7,240,79,wing
29981,2022,4947,Jamorko Pickett,PF,DET,10,94,0,0,13,75,13,wing_big_percent,88,6,9,206,81,wing
29981,2022,4947,Jamorko Pickett,PF,DET,10,94,0,0,13,75,13,big_percent,88,6,9,206,81,big
29982,2022,4255,JaMychal Green,PF,DEN,62,1000,0,0,26,64,11,wing_big_percent,90,6,8,227,80,wing
29983,2022,4948,JaQuori McLaughlin,PG,DAL,4,11,50,50,0,0,0,guard_percent,100,NA,NA,NA,NA,guard
29984,2022,4949,Jared Butler,SG,UTA,39,304,53,45,2,0,0,guard_percent,98,6,3,195,75,guard
29985,2022,4726,Jared Harper,PG,NOP,2,10,100,0,0,0,0,guard_percent,100,5,10,175,70,guard
29986,2022,4632,Jaren Jackson Jr.,PF,MEM,75,2042,0,0,3,55,42,big_percent,97,6,11,242,83,big
29987,2022,4634,Jarred Vanderbilt,PF,MIN,69,1761,0,0,0,96,4,big_percent,100,6,9,214,81,big
29988,2022,4515,Jarrett Allen,C,CLE,56,1809,0,0,0,0,100,big_percent,100,6,11,243,83,big
29989,2022,4728,Jarrett Culver,SG,MEM,35,295,4,68,28,0,0,wing_small_percent,96,6,6,195,78,wing
29990,2022,4950,Jarron Cumberland,SG,POR,3,12,33,39,28,0,0,guard_percent,72,NA,NA,NA,NA,guard
29991,2022,3824,JaVale McGee,C,PHO,68,1056,0,0,0,0,100,big_percent,100,7,0,270,84,big
29992,2022,4951,Javin DeLaurier,C,MIL,1,3,0,0,0,0,100,big_percent,100,NA,NA,NA,NA,big
29993,2022,4729,Javonte Green,SF,CHI,60,1408,1,59,39,2,0,wing_small_percent,98,6,4,205,76,wing
29995,2022,4952,Javonte Smart,PG,MIL,13,160,77,24,0,0,0,guard_percent,101,6,4,205,76,guard
29996,2022,4952,Javonte Smart,PG,MIA,2,4,100,0,0,0,0,guard_percent,100,6,4,205,76,guard
29997,2022,4730,Jaxson Hayes,C,NOP,64,1257,0,0,0,44,56,big_percent,100,6,11,220,83,big
29998,2022,4953,Jay Huff,C,LAL,4,20,0,0,0,0,100,big_percent,100,NA,NA,NA,NA,big
29999,2022,4847,Jay Scrubb,SG,LAC,18,121,25,60,16,0,0,guard_percent,85,6,5,220,77,guard
30000,2022,4415,Jaylen Brown,SF,BOS,61,2062,0,45,47,8,0,wing_small_percent,92,6,6,223,78,wing
30001,2022,4731,Jaylen Hoard,SF,OKC,1,2,0,0,0,100,0,wing_big_percent,100,NA,NA,NA,NA,wing
30001,2022,4731,Jaylen Hoard,SF,OKC,1,2,0,0,0,100,0,big_percent,100,NA,NA,NA,NA,big
30002,2022,4517,Jaylen Morris,SG,SAS,3,16,59,41,0,0,0,guard_percent,100,NA,NA,NA,NA,guard
30003,2022,4732,Jaylen Nowell,SG,MIN,58,914,15,55,31,0,0,wing_small_percent,86,6,4,201,76,wing
30004,2022,4954,Jaysean Paige,PG,DET,1,7,0,100,0,0,0,guard_percent,100,NA,NA,NA,NA,guard
30004,2022,4954,Jaysean Paige,PG,DET,1,7,0,100,0,0,0,wing_small_percent,100,NA,NA,NA,NA,wing
30005,2022,4518,Jayson Tatum,SF,BOS,72,2608,0,1,66,33,0,wing_big_percent,99,6,8,210,80,wing
30007,2022,4955,Jeff Dowtin,PG,GSW,4,28,100,0,0,0,0,guard_percent,100,6,3,185,75,guard
30008,2022,4955,Jeff Dowtin,PG,MIL,1,3,100,0,0,0,0,guard_percent,100,6,3,185,75,guard
30009,2022,4955,Jeff Dowtin,PG,ORL,4,77,82,18,0,0,0,guard_percent,100,6,3,185,75,guard
30010,2022,3761,Jeff Green,C,DEN,72,1780,0,0,0,75,25,big_percent,100,6,8,235,80,big
30011,2022,4636,Jemerrio Jones,SF,LAL,2,15,0,0,19,81,0,wing_big_percent,100,NA,NA,NA,NA,wing
30012,2022,4257,Jerami Grant,PF,DET,47,1500,0,0,2,95,3,big_percent,98,6,8,210,80,big
30013,2022,4956,Jeremiah Robinson-Earl,C,OKC,46,1045,0,0,0,20,80,big_percent,100,6,9,230,81,big
30015,2022,4096,Jeremy Lamb,SF,IND,39,613,0,35,57,7,1,wing_small_percent,92,6,5,180,77,wing
30016,2022,4096,Jeremy Lamb,SG,SAC,12,231,16,60,24,0,0,wing_small_percent,84,6,5,180,77,wing
30017,2022,4957,Jericho Sims,PF,NYK,36,412,0,0,0,7,93,big_percent,100,6,10,245,82,big
30019,2022,4638,Jevon Carter,PG,BRK,46,552,64,36,0,0,0,guard_percent,100,6,1,200,73,guard
30020,2022,4638,Jevon Carter,PG,MIL,15,261,100,0,0,0,0,guard_percent,100,6,1,200,73,guard
30021,2022,4023,Jimmy Butler,SF,MIA,54,1823,0,0,70,30,1,wing_big_percent,100,6,7,230,79,wing
30022,2022,4958,Jock Landale,C,SAS,50,536,0,0,0,7,93,big_percent,100,6,11,256,83,big
30023,2022,4260,Joe Harris,SF,BRK,14,423,0,7,83,10,0,wing_big_percent,93,6,6,220,78,wing
30024,2022,4261,Joe Ingles,SF,UTA,45,1122,0,0,91,9,0,wing_big_percent,100,6,8,220,80,wing
30025,2022,3327,Joe Johnson,SG,BOS,1,2,0,0,100,0,0,wing_small_percent,100,NA,NA,NA,NA,wing
30025,2022,3327,Joe Johnson,SG,BOS,1,2,0,0,100,0,0,wing_big_percent,100,NA,NA,NA,NA,wing
30026,2022,4959,Joe Wieskamp,SG,SAS,24,160,2,18,72,8,0,wing_small_percent,90,6,6,212,78,wing
30027,2022,4960,Joel Ayayi,SG,WAS,7,20,20,51,29,0,0,wing_small_percent,80,NA,NA,NA,NA,wing
30028,2022,4417,Joel Embiid,C,PHI,63,2114,0,0,0,0,100,big_percent,100,7,0,280,84,big
30029,2022,4519,John Collins,PF,ATL,54,1663,0,0,0,94,6,big_percent,100,6,9,235,81,big
30030,2022,4734,John Konchar,SG,MEM,67,1187,21,61,18,0,0,guard_percent,82,6,5,210,77,guard
30031,2022,4961,Jon Teske,C,MEM,3,8,0,0,0,0,100,big_percent,100,NA,NA,NA,NA,big
30032,2022,4100,Jonas Valančiūnas,C,NOP,70,2153,0,0,0,0,100,big_percent,100,6,11,265,83,big
30033,2022,4962,Jonathan Kuminga,SF,GSW,65,1091,0,0,13,62,25,big_percent,87,6,8,210,80,big
30034,2022,4523,Jordan Bell,C,CHI,1,2,0,0,0,0,100,big_percent,100,NA,NA,NA,NA,big
30035,2022,4265,Jordan Clarkson,SG,UTA,74,2002,0,87,13,0,0,wing_small_percent,100,6,4,194,76,wing
30036,2022,4963,Jordan Goodwin,SG,WAS,2,6,48,52,0,0,0,guard_percent,100,NA,NA,NA,NA,guard
30037,2022,4736,Jordan McLaughlin,PG,MIN,57,811,100,0,0,0,0,guard_percent,100,5,11,185,71,guard
30038,2022,4849,Jordan Nwora,SF,MIL,58,1091,0,1,41,50,9,wing_big_percent,91,6,8,225,80,wing
30039,2022,4737,Jordan Poole,SG,GSW,71,2116,31,64,5,0,0,guard_percent,95,6,4,194,76,guard
30040,2022,4964,Jordan Schakel,SG,WAS,2,14,9,91,0,0,0,guard_percent,100,6,6,200,78,guard
30041,2022,4965,Jose Alvarado,PG,NOP,48,736,100,0,0,0,0,guard_percent,100,6,0,179,72,guard
30042,2022,4966,Josh Christopher,SG,HOU,69,1204,10,62,26,1,0,wing_small_percent,88,6,5,215,77,wing
30043,2022,4967,Josh Giddey,SG,OKC,54,1700,5,58,36,2,0,wing_small_percent,94,6,8,210,80,wing
30044,2022,4850,Josh Green,SG,DAL,62,960,1,45,53,1,0,wing_small_percent,98,6,5,200,77,wing
30046,2022,4525,Josh Hart,SG,NOP,41,1374,10,63,27,0,0,wing_small_percent,90,6,5,215,77,wing
30047,2022,4525,Josh Hart,SF,POR,13,417,0,47,48,5,0,wing_small_percent,95,6,5,215,77,wing
30049,2022,4526,Josh Jackson,SF,DET,39,707,0,0,47,53,0,wing_big_percent,100,6,8,207,80,wing
30050,2022,4526,Josh Jackson,SF,SAC,7,30,0,23,57,19,0,wing_small_percent,80,6,8,207,80,wing
30051,2022,4644,Josh Okogie,SG,MIN,46,473,3,41,53,3,0,wing_small_percent,94,6,4,213,76,wing
30053,2022,4336,Josh Richardson,SG,BOS,44,1087,1,82,16,0,0,wing_small_percent,98,6,5,200,77,wing
30054,2022,4336,Josh Richardson,SG,SAS,15,367,1,67,30,2,0,wing_small_percent,97,6,5,200,77,wing
30055,2022,4968,Joshua Primo,SG,SAS,44,804,1,38,56,5,0,wing_small_percent,94,6,6,190,78,wing
30056,2022,3891,Jrue Holiday,PG,MIL,62,2070,94,6,0,0,0,guard_percent,100,6,3,205,75,guard
30057,2022,4969,JT Thor,PF,CHO,29,246,0,2,16,47,35,big_percent,82,6,10,205,82,big
30059,2022,4419,Juan Hernangómez,PF,BOS,18,96,0,0,12,84,5,wing_big_percent,96,NA,NA,NA,NA,wing
30060,2022,4419,Juan Hernangómez,PF,SAS,5,51,0,0,0,64,37,big_percent,101,NA,NA,NA,NA,big
30061,2022,4419,Juan Hernangómez,PF,UTA,13,220,0,0,7,71,22,big_percent,93,NA,NA,NA,NA,big
30062,2022,4739,Juan Toscano-Anderson,SF,GSW,70,948,0,5,60,34,2,wing_big_percent,94,6,6,209,78,wing
30063,2022,4266,Julius Randle,PF,NYK,72,2544,0,0,1,92,7,big_percent,99,6,8,250,80,big
30065,2022,4337,Justin Anderson,SF,CLE,3,47,0,6,75,19,0,wing_big_percent,94,6,6,230,78,wing
30066,2022,4337,Justin Anderson,SF,IND,10,233,0,0,8,71,21,big_percent,92,6,6,230,78,big
30067,2022,4970,Justin Champagnie,SF,TOR,35,274,19,59,23,0,0,wing_small_percent,82,6,6,200,78,wing
30069,2022,4102,Justin Holiday,SF,IND,49,1416,0,10,77,12,1,wing_big_percent,89,6,6,180,78,wing
30070,2022,4102,Justin Holiday,SG,SAC,20,534,0,63,32,5,0,wing_small_percent,95,6,6,180,78,wing
30072,2022,4528,Justin Jackson,SF,BOS,1,2,0,0,0,100,0,wing_big_percent,100,NA,NA,NA,NA,wing
30072,2022,4528,Justin Jackson,SF,BOS,1,2,0,0,0,100,0,big_percent,100,NA,NA,NA,NA,big
30073,2022,4528,Justin Jackson,SF,PHO,6,35,0,46,24,30,0,wing_small_percent,70,NA,NA,NA,NA,wing
30075,2022,4741,Justin Robinson,PG,MIL,17,198,100,0,0,0,0,guard_percent,100,NA,NA,NA,NA,guard
30076,2022,4741,Justin Robinson,PG,SAC,3,15,100,0,0,0,0,guard_percent,100,NA,NA,NA,NA,guard
30077,2022,4741,Justin Robinson,PG,DET,5,91,55,45,0,0,0,guard_percent,100,NA,NA,NA,NA,guard
30079,2022,4338,Justise Winslow,SF,LAC,37,479,0,0,8,72,20,big_percent,92,6,6,222,78,big
30080,2022,4338,Justise Winslow,SF,POR,11,295,0,0,24,76,0,wing_big_percent,100,6,6,222,78,wing
30081,2022,4267,Jusuf Nurkić,C,POR,56,1579,0,0,0,0,100,big_percent,100,6,11,290,83,big
30082,2022,4743,Juwan Morgan,PF,TOR,1,27,0,0,47,53,0,wing_big_percent,100,6,7,232,79,wing
30083,2022,4971,Kai Jones,C,CHO,19,58,0,0,10,50,40,big_percent,90,6,11,218,83,big
30084,2022,4339,Karl-Anthony Towns,C,MIN,70,2342,0,0,0,0,100,big_percent,100,6,11,248,83,big
30085,2022,4972,Keifer Sykes,PG,IND,31,566,100,0,0,0,0,guard_percent,100,6,0,180,72,guard
30086,2022,4646,Keita Bates-Diop,SF,SAS,53,842,0,0,19,78,3,wing_big_percent,97,6,8,229,80,wing
30088,2022,4744,Kelan Martin,SF,IND,27,444,0,3,68,28,1,wing_big_percent,96,NA,NA,NA,NA,wing
30089,2022,4744,Kelan Martin,SF,BOS,3,6,0,51,49,0,0,wing_small_percent,100,NA,NA,NA,NA,wing
30090,2022,4745,Keldon Johnson,SF,SAS,70,2227,0,2,43,54,1,wing_big_percent,97,6,5,220,77,wing
30091,2022,4853,Keljin Blevins,SF,POR,25,251,0,25,49,26,0,wing_big_percent,75,6,4,200,76,wing
30092,2022,4177,Kelly Olynyk,C,DET,38,723,0,0,0,0,100,big_percent,100,6,11,240,83,big
30093,2022,4341,Kelly Oubre Jr.,SF,CHO,71,1898,1,33,60,6,0,wing_small_percent,93,6,7,203,79,wing
30094,2022,4034,Kemba Walker,PG,NYK,37,948,100,0,0,0,0,guard_percent,100,6,0,184,72,guard
30095,2022,4647,Kenrich Williams,SF,OKC,49,1072,0,3,62,34,1,wing_big_percent,96,6,6,210,78,wing
30096,2022,4104,Kent Bazemore,SF,LAL,38,531,0,18,66,16,0,wing_small_percent,84,6,4,195,76,wing
30097,2022,4178,Kentavious Caldwell-Pope,SG,WAS,73,2212,7,44,49,0,0,wing_small_percent,93,6,5,204,77,wing
30098,2022,4854,Kenyon Martin Jr.,SF,HOU,74,1548,0,0,11,80,9,wing_big_percent,91,6,6,215,78,wing
30100,2022,4973,Keon Johnson,SG,LAC,15,135,45,55,1,0,0,guard_percent,100,6,5,186,77,guard
30101,2022,4973,Keon Johnson,SG,POR,16,379,10,61,29,0,0,wing_small_percent,90,6,5,186,77,wing
30102,2022,4974,Kessler Edwards,SF,BRK,43,863,0,2,38,58,2,wing_big_percent,96,6,8,215,80,wing
30103,2022,3770,Kevin Durant,PF,BRK,50,1844,0,0,1,70,29,big_percent,99,6,10,240,82,big
30104,2022,4648,Kevin Huerter,SG,ATL,69,2039,0,89,10,0,0,wing_small_percent,99,6,7,190,79,wing
30106,2022,4649,Kevin Knox,SF,NYK,13,111,0,0,26,72,1,wing_big_percent,98,6,7,215,79,wing
30107,2022,4649,Kevin Knox,SF,ATL,15,108,0,25,31,44,0,wing_big_percent,75,6,7,215,79,wing
30108,2022,3830,Kevin Love,PF,CLE,69,1556,0,0,23,70,7,wing_big_percent,93,6,8,251,80,wing
30109,2022,4975,Kevin Pangos,PG,CLE,24,166,93,7,0,0,0,guard_percent,100,NA,NA,NA,NA,guard
30110,2022,4748,Kevin Porter Jr.,PG,HOU,56,1712,93,7,0,0,0,guard_percent,100,6,4,203,76,guard
30111,2022,4342,Kevon Looney,C,GSW,77,1663,0,0,0,1,99,big_percent,100,6,9,222,81,big
30112,2022,4531,Khem Birch,C,TOR,49,891,0,0,0,0,100,big_percent,100,6,9,233,81,big
30113,2022,4107,Khris Middleton,SF,MIL,62,2009,0,11,57,31,2,wing_big_percent,88,6,7,222,79,wing
30114,2022,4855,Killian Hayes,PG,DET,61,1517,67,32,1,0,0,guard_percent,99,6,5,195,77,guard
30115,2022,4856,Killian Tillie,C,MEM,36,461,0,0,0,28,73,big_percent,101,6,9,220,81,big
30116,2022,4857,Kira Lewis Jr.,PG,NOP,24,341,92,8,0,0,0,guard_percent,100,6,1,170,73,guard
30117,2022,4036,Klay Thompson,SG,GSW,29,837,1,46,49,4,0,wing_small_percent,95,6,6,215,78,wing
30118,2022,4421,Kris Dunn,PG,POR,10,236,65,35,0,0,0,guard_percent,100,6,3,205,75,guard
30120,2022,4343,Kristaps Porziņģis,PF,DAL,34,1002,0,0,0,39,61,big_percent,100,7,3,240,87,big
30121,2022,4343,Kristaps Porziņģis,PF,WAS,13,364,0,0,0,0,100,big_percent,100,7,3,240,87,big
30122,2022,4271,Kyle Anderson,PF,MEM,64,1369,0,0,9,63,28,big_percent,91,6,9,230,81,big
30123,2022,4751,Kyle Guy,SG,MIA,19,186,50,50,0,0,0,guard_percent,100,NA,NA,NA,NA,guard
30124,2022,4534,Kyle Kuzma,PF,WAS,66,2204,0,0,3,85,12,big_percent,97,6,9,221,81,big
30125,2022,3685,Kyle Lowry,PG,MIA,60,2040,100,0,0,0,0,guard_percent,100,6,0,196,72,guard
30126,2022,4037,Kyrie Irving,PG,BRK,24,885,47,53,0,0,0,guard_percent,100,6,2,195,74,guard
30127,2022,4752,KZ Okpala,PF,MIA,21,244,0,0,1,56,43,big_percent,99,NA,NA,NA,NA,big
30128,2022,4858,Lamar Stevens,PF,CLE,58,907,0,23,59,18,0,wing_small_percent,82,6,6,230,78,wing
30129,2022,3686,LaMarcus Aldridge,C,BRK,45,1027,0,0,0,0,100,big_percent,100,6,11,250,83,big
30130,2022,4859,LaMelo Ball,PG,CHO,70,2267,94,6,0,0,0,guard_percent,100,6,7,180,79,guard
30132,2022,3954,Lance Stephenson,SF,ATL,6,70,0,28,48,24,0,wing_small_percent,76,6,6,230,78,wing
30133,2022,3954,Lance Stephenson,SG,IND,35,667,9,29,37,26,0,wing_small_percent,66,6,6,230,78,wing
30134,2022,4652,Landry Shamet,SG,PHO,63,1297,3,83,14,0,0,wing_small_percent,97,6,4,190,76,wing
30136,2022,4272,Langston Galloway,SG,BRK,4,58,4,57,38,0,0,wing_small_percent,95,NA,NA,NA,NA,wing
30137,2022,4272,Langston Galloway,SG,MIL,3,49,100,0,0,0,0,guard_percent,100,NA,NA,NA,NA,guard
30139,2022,4345,Larry Nance Jr.,PF,POR,37,858,0,0,0,48,52,big_percent,100,6,7,245,79,big
30140,2022,4345,Larry Nance Jr.,PF,NOP,3,58,0,0,0,94,6,big_percent,100,6,7,245,79,big
30141,2022,4535,Lauri Markkanen,PF,CLE,56,1734,0,0,0,59,41,big_percent,100,7,0,240,84,big
30142,2022,4976,Leandro Bolmaro,SF,MIN,34,223,0,28,56,16,0,wing_small_percent,84,6,6,200,78,wing
30143,2022,3463,LeBron James,SF,LAL,55,2045,0,0,28,67,5,wing_big_percent,95,6,9,250,81,wing
30144,2022,4977,Lindell Wigginton,PG,MIL,16,126,87,13,0,0,0,guard_percent,100,6,2,189,74,guard
30145,2022,4978,Lindy Waters III,SG,OKC,21,389,4,43,49,4,0,wing_small_percent,92,6,6,215,78,wing
30146,2022,4653,Lonnie Walker,SG,SAS,66,1519,3,61,35,1,0,wing_small_percent,96,6,4,204,76,wing
30147,2022,4537,Lonzo Ball,PG,CHI,35,1212,82,18,0,0,0,guard_percent,100,6,6,190,78,guard
30148,2022,3619,Lou Williams,PG,ATL,54,776,84,16,0,0,0,guard_percent,100,6,1,175,73,guard
30149,2022,4753,Louis King,SF,SAC,10,104,0,8,56,35,1,wing_big_percent,91,NA,NA,NA,NA,wing
30150,2022,4754,Luguentz Dort,SF,OKC,51,1665,1,16,65,19,0,wing_big_percent,84,6,3,215,75,wing
30151,2022,4654,Luka Dončić,PG,DAL,60,2133,27,66,8,0,0,guard_percent,93,6,7,230,79,guard
30152,2022,4979,Luka Garza,C,DET,31,358,0,0,0,1,99,big_percent,100,6,11,235,83,big
30153,2022,4538,Luke Kennard,SG,LAC,66,1815,19,76,5,0,0,guard_percent,95,6,5,206,77,guard
30155,2022,4539,Luke Kornet,C,CLE,2,15,0,0,0,13,87,big_percent,100,7,2,250,86,big
30156,2022,4539,Luke Kornet,C,MIL,1,3,0,0,0,0,100,big_percent,100,7,2,250,86,big
30157,2022,4539,Luke Kornet,C,BOS,8,41,0,0,0,0,100,big_percent,100,7,2,250,86,big
30158,2022,4980,M.J. Walker,SG,PHO,2,8,0,65,35,0,0,wing_small_percent,100,NA,NA,NA,NA,wing
30159,2022,4981,Mac McClung,PG,CHI,1,3,0,100,0,0,0,guard_percent,100,NA,NA,NA,NA,guard
30159,2022,4981,Mac McClung,PG,CHI,1,3,0,100,0,0,0,wing_small_percent,100,NA,NA,NA,NA,wing
30160,2022,4860,Malachi Flynn,PG,TOR,40,479,100,0,0,0,0,guard_percent,100,6,1,175,73,guard
30161,2022,4424,Malcolm Brogdon,PG,IND,36,1206,60,38,3,0,0,guard_percent,98,6,5,229,77,guard
30163,2022,4982,Malcolm Hill,SG,ATL,3,46,0,24,65,11,0,wing_small_percent,89,6,6,220,78,wing
30164,2022,4982,Malcolm Hill,SF,CHI,14,151,0,3,62,35,0,wing_big_percent,97,6,6,220,78,wing
30165,2022,4426,Malik Beasley,SG,MIN,74,1849,16,74,10,0,0,guard_percent,90,6,4,187,76,guard
30167,2022,4861,Malik Fitts,PF,UTA,7,35,0,0,0,67,33,big_percent,100,6,8,230,80,big
30168,2022,4861,Malik Fitts,PF,BOS,5,11,0,0,0,84,16,big_percent,100,6,8,230,80,big
30169,2022,4541,Malik Monk,SG,LAL,70,1946,19,57,23,0,0,wing_small_percent,80,6,3,200,75,wing
30170,2022,4756,Malik Newman,PG,CLE,1,8,100,0,0,0,0,guard_percent,100,NA,NA,NA,NA,guard
30171,2022,4862,Mamadi Diakite,PF,OKC,13,188,0,0,0,10,90,big_percent,100,NA,NA,NA,NA,big
30172,2022,4983,Marcus Garrett,SG,MIA,12,128,2,62,36,1,0,wing_small_percent,98,NA,NA,NA,NA,wing
30173,2022,4042,Marcus Morris,PF,LAC,51,1488,0,0,43,50,7,wing_big_percent,93,6,8,218,80,wing
30174,2022,4275,Marcus Smart,PG,BOS,66,2156,100,0,0,0,0,guard_percent,100,6,3,220,75,guard
30175,2022,4544,Markelle Fultz,PG,ORL,13,240,74,26,0,0,0,guard_percent,100,6,3,209,75,guard
30176,2022,4043,Markieff Morris,PF,MIA,16,273,0,0,0,74,26,big_percent,100,6,9,245,81,big
30177,2022,4984,Marko Simonovic,C,CHI,9,35,0,0,0,8,92,big_percent,100,6,11,216,83,big
30178,2022,4863,Markus Howard,SG,DEN,29,149,3,68,29,0,0,guard_percent,97,5,10,175,70,guard
30179,2022,4428,Marquese Chriss,PF,DAL,30,301,0,0,3,25,72,big_percent,97,6,9,240,81,big
30181,2022,4656,Marvin Bagley III,PF,SAC,30,656,0,0,0,78,22,big_percent,100,6,11,235,83,big
30182,2022,4656,Marvin Bagley III,PF,DET,18,490,0,0,0,60,40,big_percent,100,6,11,235,83,big
30183,2022,4864,Mason Jones,SG,LAL,2,9,0,100,0,0,0,guard_percent,100,6,4,200,76,guard
30183,2022,4864,Mason Jones,SG,LAL,2,9,0,100,0,0,0,wing_small_percent,100,6,4,200,76,wing
30184,2022,4180,Mason Plumlee,C,CHO,68,1697,0,0,0,0,100,big_percent,100,6,11,254,83,big
30185,2022,4760,Matisse Thybulle,SG,PHI,61,1560,3,58,37,2,0,wing_small_percent,95,6,5,201,77,wing
30186,2022,4761,Matt Mooney,SG,NYK,1,2,100,0,0,0,0,guard_percent,100,NA,NA,NA,NA,guard
30187,2022,4762,Matt Thomas,SG,CHI,40,459,47,49,3,0,0,guard_percent,96,6,4,190,76,guard
30188,2022,4115,Maurice Harkless,SF,SAC,47,863,0,2,75,24,0,wing_big_percent,99,6,7,220,79,wing
30189,2022,4763,Max Strus,SF,MIA,64,1488,0,15,47,39,0,wing_big_percent,86,6,5,215,77,wing
30190,2022,4547,Maxi Kleber,PF,DAL,58,1424,0,0,0,53,47,big_percent,100,6,10,240,82,big
30191,2022,4985,McKinley Wright IV,PG,MIN,3,9,86,14,0,0,0,guard_percent,100,6,0,196,72,guard
30192,2022,4986,Micah Potter,C,DET,3,31,0,0,0,0,100,big_percent,100,NA,NA,NA,NA,big
30193,2022,4766,Michael Porter Jr.,SF,DEN,9,265,0,0,91,9,0,wing_big_percent,100,6,10,218,82,wing
30194,2022,4658,Mikal Bridges,SF,PHO,76,2703,0,8,88,4,0,wing_small_percent,96,6,6,209,78,wing
30195,2022,3779,Mike Conley,PG,UTA,68,1929,100,0,0,0,0,guard_percent,100,6,1,175,73,guard
30196,2022,4183,Mike Muscala,C,OKC,43,592,0,0,0,0,100,big_percent,100,6,10,240,82,big
30197,2022,4659,Miles Bridges,PF,CHO,75,2691,0,0,20,69,11,wing_big_percent,89,6,6,225,78,wing
30198,2022,4987,Miles McBride,PG,NYK,37,336,98,2,0,0,0,guard_percent,100,6,2,200,74,guard
30199,2022,4661,Mitchell Robinson,C,NYK,70,1791,0,0,0,0,100,big_percent,100,7,0,240,84,big
30200,2022,4767,Miye Oni,SG,UTA,16,44,0,10,84,6,0,wing_small_percent,94,NA,NA,NA,NA,wing
30201,2022,4662,Mo Bamba,C,ORL,66,1701,0,0,0,1,99,big_percent,100,7,0,231,84,big
30202,2022,4551,Monte Morris,PG,DEN,71,2114,90,10,0,0,0,guard_percent,100,6,2,183,74,guard
30204,2022,4349,Montrezl Harrell,C,WAS,46,1117,0,0,0,0,100,big_percent,100,6,7,240,79,big
30205,2022,4349,Montrezl Harrell,C,CHO,21,443,0,0,0,8,92,big_percent,100,6,7,240,79,big
30206,2022,4663,Moritz Wagner,C,ORL,58,825,0,0,0,24,77,big_percent,101,6,11,245,83,big
30208,2022,4768,Moses Brown,C,DAL,26,169,0,0,0,2,98,big_percent,100,NA,NA,NA,NA,big
30209,2022,4768,Moses Brown,C,CLE,9,85,0,0,0,0,100,big_percent,100,NA,NA,NA,NA,big
30210,2022,4988,Moses Moody,SG,GSW,49,583,0,41,52,7,0,wing_small_percent,93,6,6,205,78,wing
30212,2022,4989,Moses Wright,PF,LAC,1,1,0,0,0,0,100,big_percent,100,6,9,233,81,big
30213,2022,4989,Moses Wright,PF,DAL,2,5,0,39,0,61,0,wing_big_percent,61,6,9,233,81,wing
30213,2022,4989,Moses Wright,PF,DAL,2,5,0,39,0,61,0,big_percent,61,6,9,233,81,big
30214,2022,4769,Mychal Mulder,PG,ORL,15,195,84,16,0,0,0,guard_percent,100,6,3,184,75,guard
30215,2022,4990,Myles Powell,PG,PHI,11,52,100,0,0,0,0,guard_percent,100,6,2,195,74,guard
30216,2022,4350,Myles Turner,C,IND,42,1235,0,0,0,0,100,big_percent,100,6,11,250,83,big
30217,2022,4865,Naji Marshall,SF,NOP,49,632,0,21,56,22,1,wing_big_percent,78,6,7,220,79,wing
30218,2022,4770,Nassir Little,SF,POR,42,1088,0,0,64,35,0,wing_big_percent,99,6,5,220,77,wing
30219,2022,4867,Nate Hinton,SG,IND,2,2,0,100,0,0,0,guard_percent,100,NA,NA,NA,NA,guard
30219,2022,4867,Nate Hinton,SG,IND,2,2,0,100,0,0,0,wing_small_percent,100,NA,NA,NA,NA,wing
30220,2022,4868,Nathan Knight,PF,MIN,36,251,0,0,0,26,74,big_percent,100,6,10,253,82,big
30221,2022,4771,Naz Reid,C,MIN,72,1137,0,0,0,8,92,big_percent,100,6,9,264,81,big
30222,2022,4991,Neemias Queta,C,SAC,11,71,0,0,0,0,100,big_percent,100,7,0,245,84,big
30223,2022,4351,Nemanja Bjelica,C,GSW,66,1044,0,0,0,0,100,big_percent,100,6,10,234,82,big
30224,2022,4278,Nerlens Noel,C,NYK,25,562,0,0,0,0,100,big_percent,100,6,11,220,83,big
30225,2022,4869,Nick Richards,C,CHO,47,356,0,0,0,0,100,big_percent,100,7,0,245,84,big
30227,2022,4772,Nickeil Alexander-Walker,SG,NOP,50,1317,4,40,42,15,0,wing_small_percent,82,6,6,205,78,wing
30228,2022,4772,Nickeil Alexander-Walker,SG,UTA,13,129,0,55,44,1,0,wing_small_percent,99,6,6,205,78,wing
30229,2022,3841,Nicolas Batum,PF,LAC,56,1392,0,0,0,88,12,big_percent,100,6,8,230,80,big
30230,2022,4773,Nicolas Claxton,C,BRK,42,861,0,0,0,6,94,big_percent,100,NA,NA,NA,NA,big
30232,2022,4280,Nik Stauskas,SG,MIA,2,24,0,9,91,0,0,wing_small_percent,100,6,6,205,78,wing
30233,2022,4280,Nik Stauskas,SG,BOS,6,15,0,84,16,0,0,wing_small_percent,100,6,6,205,78,wing
30234,2022,4352,Nikola Jokić,C,DEN,70,2324,0,0,0,0,100,big_percent,100,6,11,284,83,big
30235,2022,4047,Nikola Vučević,C,CHI,69,2312,0,0,0,0,100,big_percent,100,6,10,260,82,big
30237,2022,4353,Norman Powell,SF,POR,40,1333,0,18,75,7,0,wing_small_percent,93,6,3,215,75,wing
30238,2022,4353,Norman Powell,SG,LAC,3,80,33,67,0,0,0,guard_percent,100,6,3,215,75,guard
30239,2022,4776,Norvel Pelle,C,UTA,3,19,0,0,0,5,95,big_percent,100,NA,NA,NA,NA,big
30240,2022,4871,Obi Toppin,PF,NYK,67,1042,0,0,0,98,2,big_percent,100,6,9,220,81,big
30241,2022,4555,OG Anunoby,SF,TOR,46,1668,6,32,55,7,0,wing_small_percent,87,6,7,232,79,wing
30242,2022,4992,Olivier Sarr,C,OKC,19,330,0,0,0,0,100,big_percent,100,7,0,237,84,big
30243,2022,4993,Omer Yurtseven,C,MIA,52,641,0,0,0,0,100,big_percent,100,7,0,264,84,big
30244,2022,4872,Onyeka Okongwu,C,ATL,43,894,0,0,0,2,98,big_percent,100,6,8,235,80,big
30245,2022,4777,Oshae Brissett,SF,IND,62,1401,0,0,21,75,4,wing_big_percent,96,6,7,210,79,wing
30246,2022,4189,Otto Porter,PF,GSW,60,1311,0,0,0,64,36,big_percent,100,6,8,198,80,big
30247,2022,3698,P.J. Tucker,PF,MIA,69,1932,0,0,0,96,4,big_percent,100,6,5,245,77,big
30248,2022,4778,P.J. Washington,PF,CHO,60,1622,0,0,2,45,52,big_percent,97,6,7,230,79,big
30249,2022,4994,Paris Bass,SF,PHO,2,7,0,0,100,0,0,wing_small_percent,100,NA,NA,NA,NA,wing
30249,2022,4994,Paris Bass,SF,PHO,2,7,0,0,100,0,0,wing_big_percent,100,NA,NA,NA,NA,wing
30250,2022,4437,Pascal Siakam,PF,TOR,63,2375,0,0,1,61,38,big_percent,99,6,9,230,81,big
30251,2022,4354,Pat Connaughton,SG,MIL,60,1584,1,28,58,13,0,wing_small_percent,86,6,5,209,77,wing
30252,2022,4124,Patrick Beverley,PG,MIN,55,1406,96,4,0,0,0,guard_percent,100,6,1,180,73,guard
30253,2022,4873,Patrick Williams,PF,CHI,12,268,0,0,0,90,10,big_percent,100,6,7,215,79,big
30254,2022,3898,Patty Mills,PG,BRK,76,2212,100,0,0,0,0,guard_percent,100,6,1,180,73,guard
30255,2022,3969,Paul George,SF,LAC,28,987,0,6,47,45,2,wing_big_percent,92,6,8,220,80,wing
30257,2022,3701,Paul Millsap,PF,BRK,24,270,0,0,10,61,30,big_percent,91,6,7,257,79,big
30258,2022,3701,Paul Millsap,PF,PHI,9,106,0,0,0,9,91,big_percent,100,6,7,257,79,big
30259,2022,4874,Paul Reed,C,PHI,34,253,0,0,0,32,68,big_percent,100,6,9,210,81,big
30260,2022,4779,Paul Watson,SF,OKC,9,156,0,13,27,60,0,wing_big_percent,87,NA,NA,NA,NA,wing
30261,2022,4875,Payton Pritchard,SG,BOS,66,917,81,19,0,0,0,guard_percent,100,6,1,195,73,guard
30262,2022,4995,Petr Cornelie,PF,DEN,13,38,0,0,4,75,22,big_percent,97,NA,NA,NA,NA,big
30263,2022,4557,PJ Dozier,SG,DEN,18,340,0,16,60,25,0,wing_big_percent,85,NA,NA,NA,NA,wing
30264,2022,4876,Precious Achiuwa,C,TOR,67,1586,0,0,0,2,98,big_percent,100,6,8,225,80,big
30265,2022,4996,Quentin Grimes,SG,NYK,45,770,14,77,9,0,0,guard_percent,91,6,5,205,77,guard
30266,2022,4780,Quinndary Weatherspoon,SG,GSW,9,68,24,61,15,0,0,guard_percent,85,6,3,205,75,guard
30267,2022,4877,R.J. Hampton,SG,ORL,59,1248,22,74,4,0,0,guard_percent,96,6,4,175,76,guard
30269,2022,3704,Rajon Rondo,PG,LAL,18,289,89,12,0,0,0,guard_percent,101,6,1,180,73,guard
30270,2022,3704,Rajon Rondo,PG,CLE,17,346,97,3,0,0,0,guard_percent,100,6,1,180,73,guard
30271,2022,4358,Raul Neto,PG,WAS,65,1314,92,8,0,0,0,guard_percent,100,6,1,180,73,guard
30272,2022,4781,Rayjon Tucker,SG,DEN,3,29,23,71,6,0,0,guard_percent,94,NA,NA,NA,NA,guard
30273,2022,4194,Reggie Bullock,SF,DAL,63,1743,0,12,64,25,0,wing_big_percent,89,6,6,205,78,wing
30274,2022,4050,Reggie Jackson,SG,LAC,72,2251,75,25,0,0,0,guard_percent,100,6,2,208,74,guard
30276,2022,4878,Reggie Perry,PF,POR,3,57,0,0,0,0,100,big_percent,100,6,8,250,80,big
30277,2022,4878,Reggie Perry,PF,IND,1,10,0,0,0,0,100,big_percent,100,6,8,250,80,big
30278,2022,4359,Richaun Holmes,C,SAC,45,1074,0,0,0,0,100,big_percent,100,6,10,235,82,big
30279,2022,4051,Ricky Rubio,PG,CLE,34,970,47,53,0,0,0,guard_percent,100,6,2,190,74,guard
30280,2022,4782,RJ Barrett,SF,NYK,66,2290,0,2,93,5,0,wing_big_percent,98,6,6,214,78,wing
30281,2022,4997,RJ Nembhard Jr.,SG,CLE,13,60,46,48,6,0,0,guard_percent,94,6,5,200,77,guard
30282,2022,4998,Rob Edwards,SG,OKC,2,11,19,17,64,0,0,wing_small_percent,81,NA,NA,NA,NA,wing
30284,2022,4197,Robert Covington,PF,POR,48,1431,0,0,1,90,9,big_percent,99,6,7,209,79,big
30285,2022,4197,Robert Covington,SF,LAC,18,390,0,3,33,62,2,wing_big_percent,95,6,7,209,79,wing
30286,2022,4667,Robert Williams,C,BOS,61,1804,0,0,0,43,57,big_percent,100,6,8,237,80,big
30287,2022,4880,Robert Woodard,SF,SAC,12,42,0,0,48,52,0,wing_big_percent,100,NA,NA,NA,NA,wing
30288,2022,3845,Robin Lopez,C,ORL,31,535,0,0,0,0,100,big_percent,100,7,0,281,84,big
30290,2022,4285,Rodney Hood,SF,MIL,39,581,1,11,41,46,2,wing_big_percent,87,6,8,208,80,wing
30291,2022,4285,Rodney Hood,SG,LAC,9,80,2,41,57,0,0,wing_small_percent,98,6,8,208,80,wing
30292,2022,4443,Rodney McGruder,SG,DET,48,680,0,45,51,4,0,wing_small_percent,96,6,4,205,76,wing
30294,2022,4783,Romeo Langford,SG,BOS,44,728,3,43,52,2,0,wing_small_percent,95,6,4,216,76,wing
30295,2022,4783,Romeo Langford,SG,SAS,1,16,0,40,60,0,0,wing_small_percent,100,6,4,216,76,wing
30296,2022,4560,Royce O'Neale,SF,UTA,73,2296,0,18,77,5,0,wing_small_percent,95,6,4,226,76,wing
30297,2022,3713,Rudy Gay,PF,UTA,52,981,0,0,0,76,24,big_percent,100,6,8,250,80,big
30298,2022,4199,Rudy Gobert,C,UTA,61,1960,0,0,0,0,100,big_percent,100,7,1,258,85,big
30299,2022,4784,Rui Hachimura,PF,WAS,36,761,0,0,23,71,6,wing_big_percent,94,6,8,230,80,wing
30300,2022,3849,Russell Westbrook,PG,LAL,75,2579,89,10,1,0,0,guard_percent,99,6,3,200,75,guard
30301,2022,4561,Ryan Arcidiacono,PG,NYK,6,17,0,12,88,0,0,wing_small_percent,100,6,3,195,75,wing
30302,2022,4881,Saben Lee,PG,DET,34,519,100,0,0,0,0,guard_percent,100,6,2,183,74,guard
30303,2022,4882,Saddiq Bey,SF,DET,77,2596,0,8,57,35,0,wing_big_percent,92,6,7,215,79,wing
30304,2022,4362,Sam Dekker,PF,TOR,1,1,0,0,0,0,100,big_percent,100,NA,NA,NA,NA,big
30305,2022,4999,Sam Hauser,SF,BOS,22,117,0,0,54,47,0,wing_big_percent,101,6,8,215,80,wing
30306,2022,4883,Sam Merrill,SG,MEM,6,58,66,15,11,8,0,guard_percent,81,6,4,205,76,guard
30307,2022,5000,Sandro Mamukelashvili,PF,MIL,37,331,0,0,0,39,61,big_percent,100,6,11,240,83,big
30308,2022,5001,Santi Aldama,PF,MEM,29,298,0,0,3,59,38,big_percent,97,6,11,224,83,big
30309,2022,5002,Scottie Barnes,PF,TOR,68,2415,0,1,37,54,8,wing_big_percent,91,6,9,227,81,wing
30310,2022,5003,Scottie Lewis,SG,CHO,2,7,33,67,0,0,0,guard_percent,100,6,5,189,77,guard
30311,2022,4201,Scotty Hopson,SG,OKC,1,18,0,21,79,0,0,wing_small_percent,100,NA,NA,NA,NA,wing
30312,2022,4785,Sekou Doumbouya,PF,LAL,2,16,0,0,0,100,0,wing_big_percent,100,NA,NA,NA,NA,wing
30312,2022,4785,Sekou Doumbouya,PF,LAL,2,16,0,0,0,100,0,big_percent,100,NA,NA,NA,NA,big
30314,2022,4562,Semi Ojeleye,PF,MIL,20,308,0,1,6,75,18,big_percent,93,NA,NA,NA,NA,big
30315,2022,4562,Semi Ojeleye,PF,LAC,10,98,0,0,5,95,1,wing_big_percent,100,NA,NA,NA,NA,wing
30317,2022,3902,Serge Ibaka,C,LAC,35,538,0,0,0,16,84,big_percent,100,6,10,235,82,big
30318,2022,3902,Serge Ibaka,PF,MIL,17,300,0,0,5,75,20,big_percent,95,6,10,235,82,big
30320,2022,4203,Seth Curry,SG,PHI,45,1566,18,76,7,0,0,guard_percent,94,6,2,185,74,guard
30321,2022,4203,Seth Curry,SG,BRK,17,510,7,81,12,1,0,wing_small_percent,93,6,2,185,74,wing
30322,2022,4670,Shai Gilgeous-Alexander,PG,OKC,56,1942,65,33,2,0,0,guard_percent,98,6,6,180,78,guard
30323,2022,4671,Shake Milton,PG,PHI,49,1045,59,41,0,0,0,guard_percent,100,6,5,205,77,guard
30324,2022,5004,Shaq Buchanan,PG,MEM,2,10,0,100,0,0,0,guard_percent,100,NA,NA,NA,NA,guard
30324,2022,5004,Shaq Buchanan,PG,MEM,2,10,0,100,0,0,0,wing_small_percent,100,NA,NA,NA,NA,wing
30325,2022,4563,Shaquille Harrison,SG,BRK,2,23,0,0,72,28,0,wing_big_percent,100,NA,NA,NA,NA,wing
30326,2022,5005,Sharife Cooper,PG,ATL,11,35,99,1,0,0,0,guard_percent,100,6,1,180,73,guard
30327,2022,4885,Skylar Mays,SG,ATL,26,216,28,59,13,0,0,guard_percent,87,6,4,205,76,guard
30328,2022,4207,Solomon Hill,PF,ATL,13,139,0,0,49,51,0,wing_big_percent,100,NA,NA,NA,NA,wing
30330,2022,4291,Spencer Dinwiddie,PG,WAS,44,1330,64,36,0,0,0,guard_percent,100,6,5,215,77,guard
30331,2022,4291,Spencer Dinwiddie,PG,DAL,18,549,41,56,3,0,0,guard_percent,97,6,5,215,77,guard
30332,2022,4364,Stanley Johnson,PF,LAL,42,929,0,0,5,53,42,big_percent,95,6,6,242,78,big
30333,2022,3903,Stephen Curry,PG,GSW,64,2211,97,3,0,0,0,guard_percent,100,6,2,185,74,guard
30334,2022,4565,Sterling Brown,SG,DAL,48,614,0,13,59,28,0,wing_big_percent,87,6,5,219,77,wing
30335,2022,4208,Steven Adams,C,MEM,73,1925,0,0,0,0,100,big_percent,100,6,11,265,83,big
30336,2022,4672,Sviatoslav Mykhailiuk,SF,TOR,55,708,12,51,34,3,0,wing_small_percent,85,NA,NA,NA,NA,wing
30337,2022,4365,T.J. McConnell,PG,IND,24,581,100,0,0,0,0,guard_percent,100,6,1,190,73,guard
30338,2022,4788,Tacko Fall,C,CLE,11,59,0,0,0,0,100,big_percent,100,NA,NA,NA,NA,big
30339,2022,3905,Taj Gibson,C,NYK,47,851,0,0,0,10,90,big_percent,100,6,9,232,81,big
30340,2022,4789,Talen Horton-Tucker,SG,LAL,55,1387,0,14,78,8,0,wing_small_percent,92,6,4,234,76,wing
30341,2022,4450,Taurean Prince,PF,MIN,65,1095,0,2,55,44,0,wing_big_percent,99,6,7,218,79,wing
30342,2022,4791,Terance Mann,SF,LAC,76,2190,0,19,62,20,0,wing_big_percent,82,6,5,215,77,wing
30343,2022,4792,Terence Davis,SG,SAC,30,536,0,47,51,3,0,wing_small_percent,98,6,4,201,76,wing
30344,2022,4131,Terrence Ross,SG,ORL,62,1424,0,25,75,0,0,wing_small_percent,100,6,6,206,78,wing
30345,2022,4366,Terry Rozier,SG,CHO,68,2309,31,69,0,0,0,guard_percent,100,6,1,190,73,guard
30346,2022,5006,Terry Taylor,SG,IND,28,581,0,13,66,21,0,wing_big_percent,87,6,5,230,77,wing
30348,2022,3791,Thaddeus Young,PF,SAS,26,370,0,0,2,7,91,big_percent,98,6,8,235,80,big
30349,2022,3791,Thaddeus Young,PF,TOR,20,355,0,16,58,24,2,wing_big_percent,82,6,8,235,80,wing
30350,2022,4367,Thanasis Antetokounmpo,SF,MIL,44,398,2,28,49,21,1,wing_small_percent,77,6,6,219,78,wing
30351,2022,4886,Théo Maledon,PG,OKC,49,844,72,28,0,0,0,guard_percent,100,6,4,175,76,guard
30352,2022,4674,Theo Pinson,SF,DAL,16,120,0,5,42,54,0,wing_big_percent,96,6,5,212,77,wing
30353,2022,4568,Thomas Bryant,C,WAS,23,398,0,0,0,0,100,big_percent,100,6,10,248,82,big
30355,2022,4294,Tim Frazier,PG,ORL,10,200,100,0,0,0,0,guard_percent,100,NA,NA,NA,NA,guard
30356,2022,4294,Tim Frazier,PG,CLE,2,8,100,0,0,0,0,guard_percent,100,NA,NA,NA,NA,guard
30357,2022,4209,Tim Hardaway Jr.,SG,DAL,42,1245,0,50,48,2,0,wing_small_percent,98,6,5,205,77,wing
30358,2022,4453,Timothé Luwawu-Cabarrot,SF,ATL,48,619,0,4,83,14,0,wing_big_percent,97,6,7,220,79,wing
30359,2022,4055,Tobias Harris,PF,PHI,67,2344,0,0,0,97,3,big_percent,100,6,8,226,80,big
30361,2022,4454,Tomáš Satoranský,SG,NOP,32,481,5,38,47,11,0,wing_small_percent,85,6,7,210,79,wing
30362,2022,4454,Tomáš Satoranský,SG,SAS,1,9,0,5,96,0,0,wing_small_percent,101,6,7,210,79,wing
30363,2022,4454,Tomáš Satoranský,SG,WAS,16,295,9,79,11,0,0,wing_small_percent,90,6,7,210,79,wing
30364,2022,4569,Tony Bradley,C,CHI,51,523,0,0,0,0,100,big_percent,100,6,10,248,82,big
30366,2022,4212,Tony Snell,SG,POR,38,546,4,24,67,5,0,wing_small_percent,91,6,6,213,78,wing
30367,2022,4212,Tony Snell,SG,NOP,11,230,0,43,50,8,0,wing_small_percent,93,6,6,213,78,wing
30369,2022,4570,Torrey Craig,SF,IND,51,1034,0,0,5,83,12,big_percent,95,6,7,221,79,big
30370,2022,4570,Torrey Craig,SF,PHO,21,452,0,3,38,59,0,wing_big_percent,97,6,7,221,79,wing
30371,2022,4676,Trae Young,PG,ATL,71,2472,100,0,0,0,0,guard_percent,100,6,1,164,73,guard
30372,2022,5007,Trayvon Palmer,SG,DET,1,17,0,0,100,0,0,wing_small_percent,100,NA,NA,NA,NA,wing
30372,2022,5007,Trayvon Palmer,SG,DET,1,17,0,0,100,0,0,wing_big_percent,100,NA,NA,NA,NA,wing
30373,2022,4887,Tre Jones,PG,SAS,63,965,100,0,0,0,0,guard_percent,100,6,1,185,73,guard
30374,2022,5008,Tre Mann,PG,OKC,60,1367,100,0,0,0,0,guard_percent,100,6,3,178,75,guard
30375,2022,5009,Tre Scott,SF,CLE,2,11,0,0,17,83,0,wing_big_percent,100,NA,NA,NA,NA,wing
30377,2022,4793,Tremont Waters,PG,TOR,2,42,100,0,0,0,0,guard_percent,100,NA,NA,NA,NA,guard
30378,2022,4793,Tremont Waters,PG,WAS,1,8,100,0,0,0,0,guard_percent,100,NA,NA,NA,NA,guard
30379,2022,5010,Trendon Watford,SF,POR,48,869,0,0,0,39,61,big_percent,100,6,9,240,81,big
30380,2022,4888,Trent Forrest,PG,UTA,59,753,85,15,0,0,0,guard_percent,100,6,4,210,76,guard
30381,2022,5011,Trevelin Queen,SG,HOU,10,74,37,62,1,0,0,guard_percent,99,6,6,190,78,guard
30382,2022,3563,Trevor Ariza,SF,LAL,24,462,0,0,44,55,2,wing_big_percent,99,6,8,215,80,wing
30383,2022,4214,Trey Burke,PG,DAL,39,418,100,0,0,0,0,guard_percent,100,6,0,185,72,guard
30385,2022,4369,Trey Lyles,PF,DET,51,990,0,0,0,35,65,big_percent,100,6,9,234,81,big
30386,2022,4369,Trey Lyles,PF,SAC,19,442,0,0,5,94,2,wing_big_percent,99,6,9,234,81,wing
30387,2022,5012,Trey Murphy III,SF,NOP,56,754,0,2,47,50,2,wing_big_percent,97,6,9,206,81,wing
30389,2022,4058,Tristan Thompson,PF,SAC,30,455,0,0,0,52,47,big_percent,99,6,9,254,81,big
30390,2022,4058,Tristan Thompson,PF,IND,4,66,0,0,0,0,100,big_percent,100,6,9,254,81,big
30391,2022,4058,Tristan Thompson,PF,CHI,18,296,0,0,0,7,93,big_percent,100,6,9,254,81,big
30392,2022,4678,Troy Brown Jr.,SF,CHI,61,984,0,10,56,34,0,wing_big_percent,90,6,6,215,78,wing
30393,2022,4794,Ty Jerome,SG,OKC,48,801,31,65,5,0,0,guard_percent,96,6,5,195,77,guard
30394,2022,4795,Tyler Cook,PF,CHI,19,196,0,0,0,26,74,big_percent,100,6,8,255,80,big
30395,2022,5013,Tyler Hall,SG,NYK,1,2,0,100,0,0,0,guard_percent,100,NA,NA,NA,NA,guard
30395,2022,5013,Tyler Hall,SG,NYK,1,2,0,100,0,0,0,wing_small_percent,100,NA,NA,NA,NA,wing
30396,2022,4796,Tyler Herro,SG,MIA,62,2019,25,67,8,0,0,guard_percent,92,6,5,195,77,guard
30398,2022,4297,Tyler Johnson,PG,PHI,3,38,100,0,0,0,0,guard_percent,100,NA,NA,NA,NA,guard
30399,2022,4297,Tyler Johnson,PG,SAS,3,53,100,0,0,0,0,guard_percent,100,NA,NA,NA,NA,guard
30400,2022,4891,Tyrell Terry,PG,MEM,2,3,100,0,0,0,0,guard_percent,100,6,2,160,74,guard
30402,2022,4892,Tyrese Haliburton,SG,SAC,51,1757,18,78,4,0,0,guard_percent,96,6,5,185,77,guard
30403,2022,4892,Tyrese Haliburton,PG,IND,21,760,67,30,4,0,0,guard_percent,97,6,5,185,77,guard
30404,2022,4893,Tyrese Maxey,PG,PHI,69,2459,99,1,0,0,0,guard_percent,100,6,2,200,74,guard
30405,2022,4575,Tyrone Wallace,SG,NOP,6,75,9,91,0,0,0,guard_percent,100,NA,NA,NA,NA,guard
30406,2022,4370,Tyus Jones,PG,MEM,70,1473,100,0,0,0,0,guard_percent,100,6,0,196,72,guard
30407,2022,4894,Udoka Azubuike,C,UTA,17,195,0,0,0,0,100,big_percent,100,6,10,280,82,big
30408,2022,3491,Udonis Haslem,C,MIA,11,61,0,0,0,15,85,big_percent,100,6,8,235,80,big
30409,2022,5014,Usman Garuba,PF,HOU,19,154,0,0,0,26,74,big_percent,100,6,8,220,80,big
30411,2022,4895,Vernon Carey Jr.,C,CHO,4,17,0,0,0,34,66,big_percent,100,6,9,270,81,big
30412,2022,4895,Vernon Carey Jr.,C,WAS,1,1,0,0,0,0,100,big_percent,100,6,9,270,81,big
30413,2022,4217,Victor Oladipo,SG,MIA,6,110,13,34,53,0,0,wing_small_percent,87,6,4,213,76,wing
30414,2022,5015,Vit Krejci,SG,OKC,24,473,0,11,64,25,0,wing_big_percent,89,6,8,195,80,wing
30415,2022,4799,Vlatko Čančar,PF,DEN,14,152,0,5,28,39,28,wing_big_percent,67,6,8,236,80,wing
30415,2022,4799,Vlatko Čančar,PF,DEN,14,152,0,5,28,39,28,big_percent,67,6,8,236,80,big
30416,2022,3913,Wayne Ellington,SG,LAL,40,742,11,45,43,2,0,wing_small_percent,88,6,4,207,76,wing
30417,2022,4459,Wayne Selden,SG,NYK,3,19,47,48,5,0,0,guard_percent,95,NA,NA,NA,NA,guard
30418,2022,4682,Wendell Carter Jr.,C,ORL,62,1852,0,0,0,63,37,big_percent,100,6,10,270,82,big
30420,2022,4800,Wenyen Gabriel,PF,BRK,1,1,0,0,0,0,100,big_percent,100,6,9,205,81,big
30421,2022,4800,Wenyen Gabriel,PF,LAC,6,46,0,0,0,0,100,big_percent,100,6,9,205,81,big
30422,2022,4800,Wenyen Gabriel,PF,LAL,13,206,0,0,0,18,82,big_percent,100,6,9,205,81,big
30423,2022,4578,Wesley Iwundu,SF,ATL,3,82,1,7,64,29,0,wing_big_percent,93,NA,NA,NA,NA,wing
30424,2022,3914,Wesley Matthews,SG,MIL,45,913,9,48,42,2,0,wing_small_percent,90,6,4,220,76,wing
30425,2022,4140,Will Barton,SG,DEN,67,2139,0,67,32,1,0,wing_small_percent,99,6,6,181,78,wing
30427,2022,4371,Willie Cauley-Stein,C,DAL,18,177,0,0,0,0,100,big_percent,100,NA,NA,NA,NA,big
30428,2022,4371,Willie Cauley-Stein,C,PHI,2,6,0,0,0,0,100,big_percent,100,NA,NA,NA,NA,big
30429,2022,4460,Willy Hernangómez,C,NOP,46,734,0,0,0,0,100,big_percent,100,6,11,250,83,big
30430,2022,5016,Xavier Moon,SG,LAC,6,83,94,7,0,0,0,guard_percent,101,6,2,165,74,guard
30432,2022,5017,Xavier Sneed,SF,MEM,2,8,0,88,12,0,0,wing_small_percent,100,6,5,215,77,wing
30433,2022,5017,Xavier Sneed,SF,UTA,5,22,0,0,94,6,0,wing_big_percent,100,6,5,215,77,wing
30434,2022,4897,Xavier Tillman Sr.,PF,MEM,48,608,0,0,24,64,12,wing_big_percent,88,6,8,245,80,wing
30435,2022,4684,Yuta Watanabe,SF,TOR,36,422,0,8,54,34,5,wing_big_percent,88,6,9,215,81,wing
30436,2022,5018,Yves Pons,SF,MEM,9,32,0,12,85,3,0,wing_small_percent,97,6,6,215,78,wing
30437,2022,4580,Zach Collins,PF,SAS,22,368,0,0,0,17,83,big_percent,100,6,11,250,83,big
30438,2022,4299,Zach LaVine,SF,CHI,64,2236,0,17,69,14,0,wing_small_percent,86,6,5,200,77,wing
30439,2022,4898,Zeke Nnaji,PF,DEN,40,671,0,0,3,55,42,big_percent,97,6,9,240,81,big
30440,2022,5019,Ziaire Williams,SF,MEM,57,1208,0,1,97,2,0,wing_big_percent,99,6,8,215,80,wing
30441,2022,4804,Zylan Cheatham,SF,UTA,1,5,0,0,0,100,0,wing_big_percent,100,NA,NA,NA,NA,wing
30441,2022,4804,Zylan Cheatham,SF,UTA,1,5,0,0,0,100,0,big_percent,100,NA,NA,NA,NA,big
