seas_id,season,player_id,player,pos,tm,g,mp,pg_percent,sg_percent,sf_percent,pf_percent,c_percent,position,value,ht_ft,ht_in,wt,full_in_ht,position_2,ows,dws,ws,ws_48,obpm,dbpm,bpm,vorp,leader
30462,2023,4219,Aaron Gordon,PF,DEN,68,2055,0,0,4,88,8,big_percent,96,6,8,235,80,big,4.6,2.2,6.8,0.158,2.4,-0.3,2.1,2.1,FALSE
30463,2023,4582,Aaron Holiday,PG,ATL,63,845,61,39,0,0,0,guard_percent,100,6,0,185,72,guard,0.3,0.6,0.9,0.053,-2.9,0.9,-2,0,FALSE
30464,2023,4805,Aaron Nesmith,SF,IND,73,1816,0,20,44,36,0,wing_big_percent,80,6,5,215,77,wing,0.9,1.1,2,0.052,-2.3,-0.7,-3,-0.4,FALSE
30465,2023,4900,Aaron Wiggins,SG,OKC,70,1297,2,23,53,23,1,wing_small_percent,76,6,6,200,78,wing,1.4,1.2,2.6,0.097,-1.5,-0.5,-2.1,0,FALSE
30465,2023,4900,Aaron Wiggins,SG,OKC,70,1297,2,23,53,23,1,wing_big_percent,76,6,6,200,78,wing,1.4,1.2,2.6,0.097,-1.5,-0.5,-2.1,0,FALSE
30466,2023,4688,Admiral Schofield,PF,ORL,37,451,0,1,22,65,13,wing_big_percent,87,6,5,241,77,wing,0.5,0.3,0.8,0.089,-2.2,-0.7,-2.9,-0.1,FALSE
30467,2023,5027,AJ Griffin,SF,ATL,72,1401,0,15,74,11,0,wing_small_percent,89,6,6,222,78,wing,1.3,0.9,2.2,0.075,-0.3,-0.5,-0.8,0.4,FALSE
30468,2023,3734,Al Horford,C,BOS,63,1922,0,0,0,8,92,big_percent,100,6,9,240,81,big,3.6,2.7,6.3,0.157,1.6,1.7,3.3,2.5,TRUE
30469,2023,3982,Alec Burks,SG,DET,51,1122,0,53,41,6,0,wing_small_percent,94,6,6,214,78,wing,1.9,0.6,2.5,0.109,1.8,-0.5,1.2,0.9,FALSE
30470,2023,4806,Aleksej Pokusevski,PF,OKC,34,701,0,0,0,5,95,big_percent,100,7,0,190,84,big,0,1,1,0.066,-1,1,0,0.3,FALSE
30471,2023,4465,Alex Caruso,PG,CHI,67,1575,61,39,0,0,0,guard_percent,100,6,4,186,76,guard,1,2.6,3.6,0.109,-2.2,3.3,1.1,1.2,TRUE
30475,2023,4904,Alperen Şengün,C,HOU,75,2171,0,0,0,0,100,big_percent,100,6,9,235,81,big,3.4,1.8,5.2,0.115,1.1,0.4,1.4,1.9,TRUE
30476,2023,4690,Amir Coffey,SG,LAC,50,625,1,7,74,18,1,wing_big_percent,92,6,7,210,79,wing,0.1,0.3,0.4,0.033,-4.4,-0.7,-5,-0.5,FALSE
30477,2023,4064,Andre Drummond,C,CHI,67,849,0,0,0,0,100,big_percent,100,6,10,279,82,big,0.8,2,2.8,0.159,-1.3,0.5,-0.8,0.3,FALSE
30478,2023,3500,Andre Iguodala,SF,GSW,8,113,0,1,39,60,0,wing_big_percent,99,6,6,215,78,wing,0,0.1,0.1,0.044,-4.4,1.6,-2.8,0,FALSE
30479,2023,5029,Andrew Nembhard,SG,IND,75,2073,29,70,1,0,0,guard_percent,99,6,5,193,77,guard,0.4,0.8,1.2,0.029,-2.4,-0.8,-3.2,-0.6,FALSE
30480,2023,4223,Andrew Wiggins,SF,GSW,37,1190,0,1,72,27,0,wing_big_percent,99,6,7,197,79,wing,1,1.3,2.3,0.091,-0.1,-0.4,-0.5,0.5,FALSE
30481,2023,4586,Anfernee Simons,SG,POR,62,2171,38,60,2,0,0,guard_percent,98,6,3,181,75,guard,2.1,0.3,2.5,0.054,1.3,-2.5,-1.1,0.5,FALSE
30482,2023,4066,Anthony Davis,C,LAL,56,1904,0,0,0,0,100,big_percent,100,6,10,253,82,big,5.5,3.4,9,0.226,4.6,1.7,6.3,4,TRUE
30483,2023,4808,Anthony Edwards,SG,MIN,79,2842,2,68,28,2,0,wing_small_percent,96,6,4,225,76,wing,0.2,3.6,3.8,0.064,1,0,1,2.1,FALSE
30485,2023,4810,Anthony Lamb,SF,GSW,62,1195,0,1,49,50,1,wing_big_percent,99,6,6,227,78,wing,1.2,1.2,2.4,0.096,-1.6,0.4,-1.1,0.3,FALSE
30486,2023,4906,Austin Reaves,SG,LAL,64,1843,0,44,48,8,0,wing_small_percent,92,6,5,206,77,wing,4.1,1.4,5.4,0.142,0.6,0.1,0.7,1.2,TRUE
30487,2023,4069,Austin Rivers,SG,MIN,52,1016,35,63,2,0,0,guard_percent,98,6,4,200,76,guard,0.5,0.8,1.3,0.061,-3.3,0.5,-2.8,-0.2,FALSE
30488,2023,4907,Ayo Dosunmu,SG,CHI,80,2098,1,56,41,3,0,wing_small_percent,97,6,5,200,77,wing,0.7,2.2,2.9,0.067,-3,0.6,-2.5,-0.2,FALSE
30489,2023,4472,Bam Adebayo,C,MIA,75,2598,0,0,0,0,100,big_percent,100,6,9,255,81,big,3.6,3.8,7.4,0.137,0.8,0.8,1.5,2.3,TRUE
30490,2023,4474,Ben Simmons,PG,BRK,42,1105,25,71,4,0,0,guard_percent,96,6,10,240,82,guard,0.5,1.7,2.2,0.097,-2.2,2.6,0.4,0.7,FALSE
30491,2023,5030,Bennedict Mathurin,SF,IND,78,2222,0,1,56,43,0,wing_big_percent,99,6,6,210,78,wing,1,0.8,1.8,0.038,-1.2,-2.5,-3.7,-1,FALSE
30492,2023,3984,Bismack Biyombo,C,PHO,61,874,0,0,0,1,99,big_percent,100,6,8,255,80,big,0.2,1.6,1.9,0.102,-3.4,2.5,-0.9,0.2,FALSE
30493,2023,3920,Blake Griffin,C,BOS,41,569,0,0,2,23,76,big_percent,99,6,9,250,81,big,1,0.8,1.8,0.153,-1.4,1.5,0.1,0.3,FALSE
30494,2023,5031,Blake Wesley,SG,SAS,37,669,62,38,1,0,0,guard_percent,100,6,5,185,77,guard,-1.9,0.3,-1.6,-0.114,-7.9,-1.8,-9.6,-1.3,FALSE
30496,2023,4307,Bobby Portis,PF,MIL,70,1818,0,0,6,81,12,big_percent,93,6,10,250,82,big,2.5,2.8,5.3,0.139,1.2,-0.6,0.7,1.2,FALSE
30497,2023,4475,Bogdan Bogdanović,SG,ATL,54,1508,0,64,32,3,0,wing_small_percent,96,6,6,220,78,wing,1.8,1,2.8,0.088,1.1,-0.7,0.5,0.9,TRUE
30498,2023,4224,Bojan Bogdanović,PF,DET,59,1893,0,1,44,53,2,wing_big_percent,97,6,7,226,79,wing,3.1,0.4,3.5,0.09,2.6,-1.8,0.9,1.4,TRUE
30499,2023,4692,Bol Bol,PF,ORL,70,1505,0,0,1,82,18,big_percent,100,7,2,220,86,big,0,2.2,2.3,0.072,-1.8,0.9,-0.9,0.4,FALSE
30501,2023,4908,Bones Hyland,PG,DEN,42,820,96,4,0,0,0,guard_percent,100,6,3,173,75,guard,0.1,0.8,0.9,0.051,0.6,-1.4,-0.8,0.3,FALSE
30502,2023,4908,Bones Hyland,PG,LAC,14,265,100,0,0,0,0,guard_percent,100,6,3,173,75,guard,0.2,0.3,0.5,0.094,-0.2,-0.7,-0.9,0.1,FALSE
30503,2023,4072,Bradley Beal,SG,WAS,50,1673,10,82,8,0,0,guard_percent,92,6,4,207,76,guard,2.2,1.2,3.4,0.099,2.9,-1.2,1.8,1.6,FALSE
30505,2023,4693,Brandon Clarke,PF,MEM,56,1090,0,0,9,82,9,wing_big_percent,91,6,8,215,80,wing,2.7,1.8,4.5,0.199,0.8,1.8,2.5,1.3,FALSE
30505,2023,4693,Brandon Clarke,PF,MEM,56,1090,0,0,9,82,9,big_percent,91,6,8,215,80,big,2.7,1.8,4.5,0.199,0.8,1.8,2.5,1.3,FALSE
30506,2023,4379,Brandon Ingram,SF,NOP,45,1538,0,72,28,1,0,wing_small_percent,100,6,8,190,80,wing,1.8,1.7,3.5,0.108,2.2,-0.4,1.7,1.5,FALSE
30508,2023,3801,Brook Lopez,C,MIL,78,2373,0,0,0,0,100,big_percent,100,7,0,282,84,big,4.1,3.9,8,0.161,0.8,1.3,2.1,2.5,FALSE
30509,2023,4594,Bruce Brown,SG,DEN,80,2280,33,55,12,0,0,guard_percent,88,6,4,202,76,guard,1.7,2.6,4.3,0.09,-1.1,0.6,-0.5,0.8,FALSE
30513,2023,5032,Bryce McGowens,SG,CHO,46,787,3,63,35,0,0,wing_small_percent,98,6,7,179,79,wing,-0.4,0.4,0.1,0.005,-4.6,-1.4,-6,-0.8,FALSE
30516,2023,4382,Buddy Hield,SF,IND,80,2482,1,51,48,0,0,wing_small_percent,99,6,4,220,76,wing,2.7,1.6,4.4,0.085,2.5,-0.6,1.9,2.4,TRUE
30517,2023,4912,Cade Cunningham,PG,DET,12,400,73,26,1,0,0,guard_percent,99,6,6,220,78,guard,-0.4,0.2,-0.1,-0.018,-0.1,-0.6,-0.7,0.1,FALSE
30518,2023,5034,Caleb Houstan,SF,ORL,51,812,2,34,53,11,1,wing_small_percent,87,6,8,205,80,wing,0.1,0.5,0.7,0.039,-3.1,-0.9,-4,-0.4,FALSE
30519,2023,4696,Caleb Martin,PF,MIA,71,2077,0,0,5,92,3,wing_big_percent,97,6,5,205,77,wing,1.2,2.5,3.7,0.086,-1.8,0.5,-1.2,0.4,FALSE
30521,2023,4697,Cam Reddish,SF,NYK,20,438,0,0,99,2,0,wing_big_percent,101,6,8,218,80,wing,0.3,0.4,0.7,0.071,-2.2,0,-2.3,0,FALSE
30522,2023,4697,Cam Reddish,SF,POR,20,552,0,0,61,39,0,wing_big_percent,100,6,8,218,80,wing,0,0.3,0.3,0.025,-3,-1.4,-4.3,-0.3,FALSE
30523,2023,4913,Cam Thomas,SG,BRK,57,948,9,56,32,3,0,wing_small_percent,88,6,4,210,76,wing,0.3,0.7,1,0.049,-0.7,-2,-2.7,-0.2,FALSE
30525,2023,4698,Cameron Johnson,PF,PHO,17,429,0,0,2,97,1,wing_big_percent,99,6,8,210,80,wing,0.9,0.5,1.4,0.161,3.2,0.6,3.8,0.6,FALSE
30526,2023,4698,Cameron Johnson,PF,BRK,25,770,0,0,0,82,18,big_percent,100,6,8,210,80,big,1.2,0.9,2.1,0.131,1.4,0.6,2,0.8,FALSE
30527,2023,4311,Cameron Payne,PG,PHO,48,968,98,2,0,0,0,guard_percent,100,6,1,183,73,guard,0,1,1.1,0.053,-0.5,-0.7,-1.2,0.2,FALSE
30528,2023,4383,Caris LeVert,SG,CLE,74,2237,2,60,38,1,0,wing_small_percent,98,6,6,205,78,wing,1.4,3.1,4.4,0.095,-1,0.8,-0.2,1,TRUE
30530,2023,4479,Cedi Osman,SF,CLE,77,1548,0,12,62,26,0,wing_big_percent,88,6,7,230,79,wing,1.4,1.9,3.3,0.103,-0.8,0.2,-0.7,0.5,FALSE
30531,2023,4917,Charles Bassey,C,SAS,35,508,0,0,0,4,96,big_percent,100,6,11,235,83,big,0.7,0.6,1.3,0.122,-0.7,1.3,0.6,0.3,FALSE
30534,2023,4481,Chris Boucher,PF,TOR,76,1523,2,20,60,18,0,wing_small_percent,80,6,9,200,81,wing,3,2,5,0.156,0.7,-0.8,-0.1,0.7,FALSE
30535,2023,4919,Chris Duarte,SF,IND,46,897,1,42,55,3,0,wing_small_percent,97,6,6,190,78,wing,-0.5,0.4,0,-0.003,-2.9,-1.6,-4.5,-0.6,FALSE
30536,2023,3585,Chris Paul,PG,PHO,59,1889,100,0,0,0,0,guard_percent,100,6,0,175,72,guard,3.7,2.5,6.2,0.156,2,1.2,3.2,2.5,TRUE
30538,2023,5036,Christian Braun,SG,DEN,76,1181,0,29,68,3,0,wing_small_percent,97,6,7,218,79,wing,0.7,1.2,1.9,0.079,-2.5,0.1,-2.4,-0.1,FALSE
30539,2023,5037,Christian Koloko,C,TOR,58,802,0,0,0,0,100,big_percent,100,7,1,230,85,big,0.7,1,1.7,0.104,-4.3,0.8,-3.5,-0.3,FALSE
30540,2023,4313,Christian Wood,C,DAL,67,1738,0,0,0,41,59,big_percent,100,6,10,214,82,big,2.7,2.1,4.8,0.132,1.9,-0.3,1.7,1.6,TRUE
30541,2023,4817,Chuma Okeke,SF,ORL,27,518,5,52,40,3,0,wing_small_percent,92,6,6,229,78,wing,0,0.6,0.7,0.061,-2.4,0.8,-1.6,0.1,FALSE
30542,2023,4154,CJ McCollum,SG,NOP,75,2649,56,38,6,0,0,guard_percent,94,6,3,190,75,guard,1.5,2.8,4.3,0.078,1.5,-0.7,0.8,1.9,TRUE
30543,2023,4230,Clint Capela,C,ATL,65,1730,0,0,0,0,100,big_percent,100,6,10,240,82,big,4.9,2.4,7.2,0.201,2.3,-0.1,2.2,1.8,TRUE
30544,2023,4703,Coby White,SG,CHI,74,1730,44,45,10,0,0,guard_percent,89,6,5,195,77,guard,1.2,1.9,3.1,0.087,-1,0.2,-0.8,0.5,FALSE
30545,2023,4704,Cody Martin,SF,CHO,7,134,0,41,59,0,0,wing_small_percent,100,6,5,205,77,wing,0,0.1,0.1,0.045,-3.8,-0.8,-4.6,-0.1,FALSE
30546,2023,4155,Cody Zeller,C,MIA,15,217,0,0,0,0,100,big_percent,100,6,11,240,83,big,0.4,0.3,0.7,0.147,-2,-0.7,-2.8,0,FALSE
30547,2023,4819,Cole Anthony,PG,ORL,60,1552,100,0,0,0,0,guard_percent,100,6,2,185,74,guard,2.1,1.7,3.7,0.116,0.8,0.5,1.3,1.3,TRUE
30549,2023,4599,Collin Sexton,SG,UTA,48,1145,73,27,0,0,0,guard_percent,100,6,1,190,73,guard,2,0.5,2.5,0.105,0.2,-1.5,-1.3,0.2,FALSE
30550,2023,4920,Corey Kispert,SF,WAS,74,2093,0,38,58,3,0,wing_small_percent,96,6,7,220,79,wing,2.9,0.9,3.8,0.088,-0.1,-1.4,-1.5,0.3,TRUE
30551,2023,3992,Cory Joseph,PG,DET,62,1227,77,23,0,0,0,guard_percent,100,6,3,200,75,guard,1.5,0.3,1.8,0.07,-0.7,-0.8,-1.5,0.2,TRUE
30553,2023,4317,D'Angelo Russell,PG,MIN,54,1778,98,2,0,0,0,guard_percent,100,6,4,193,76,guard,2.3,1.5,3.8,0.103,1.9,-0.7,1.2,1.4,TRUE
30554,2023,4317,D'Angelo Russell,PG,LAL,17,526,65,35,0,0,0,guard_percent,100,6,4,193,76,guard,0.9,0.4,1.3,0.118,3.1,-0.7,2.4,0.6,FALSE
30555,2023,4922,Daishen Nix,PG,HOU,57,914,83,17,0,0,0,guard_percent,100,6,5,224,77,guard,-1.5,0.3,-1.2,-0.062,-5,-1.5,-6.5,-1,FALSE
30560,2023,4387,Damian Jones,C,UTA,19,301,0,0,0,11,89,big_percent,100,6,11,245,83,big,0.5,0.2,0.8,0.12,-1.7,0.2,-1.5,0,FALSE
30561,2023,4077,Damian Lillard,PG,POR,58,2107,100,0,0,0,0,guard_percent,100,6,2,195,74,guard,8.2,0.8,9,0.205,8.3,-1.2,7.1,4.9,TRUE
30562,2023,4484,Damion Lee,SG,PHO,74,1506,3,43,49,6,0,wing_small_percent,92,6,5,210,77,wing,1.1,1.4,2.6,0.081,-1.3,-0.4,-1.7,0.1,FALSE
30563,2023,4705,Daniel Gafford,C,WAS,78,1604,0,0,0,32,68,big_percent,100,6,10,234,82,big,4.2,1.9,6.1,0.184,0.4,0.6,1,1.2,FALSE
30564,2023,4487,Daniel Theis,C,IND,7,109,0,0,0,0,100,big_percent,100,6,8,245,80,big,0,0.1,0.1,0.046,-0.9,-0.5,-1.4,0,FALSE
30566,2023,3867,Danny Green,SG,MEM,3,43,0,44,56,0,0,wing_small_percent,100,6,6,215,78,wing,-0.1,0,-0.1,-0.061,-7.9,-0.9,-8.8,-0.1,FALSE
30568,2023,4389,Danuel House Jr.,SF,PHI,56,807,0,11,81,8,0,wing_small_percent,92,6,6,220,78,wing,0.6,0.7,1.3,0.075,-2.4,-0.5,-3,-0.2,FALSE
30570,2023,4390,Dario Šarić,PF,PHO,37,533,0,0,0,91,9,big_percent,100,6,10,225,82,big,0.3,0.7,0.9,0.085,-2.3,0.3,-2,0,FALSE
30571,2023,4390,Dario Šarić,PF,OKC,20,273,0,0,0,1,99,big_percent,100,6,10,225,82,big,0.4,0.3,0.7,0.127,0.1,-0.2,-0.2,0.1,FALSE
30573,2023,4707,Darius Bazley,PF,OKC,36,555,0,0,2,38,60,big_percent,98,6,8,208,80,big,0.1,0.8,0.9,0.079,-1.8,0.8,-1,0.1,FALSE
30576,2023,4708,Darius Garland,PG,CLE,69,2447,97,3,0,0,0,guard_percent,100,6,1,192,73,guard,4.5,3,7.6,0.148,3.2,-0.7,2.4,2.7,FALSE
30578,2023,5041,David Roddy,PF,MEM,70,1258,0,3,60,36,1,wing_big_percent,96,6,6,255,78,wing,-0.3,1.4,1.1,0.043,-3.2,-0.7,-3.9,-0.6,FALSE
30579,2023,4926,Davion Mitchell,PG,SAC,80,1447,86,14,0,0,0,guard_percent,100,6,2,205,74,guard,0.7,0.8,1.5,0.05,-2.4,-0.4,-2.8,-0.3,FALSE
30585,2023,4489,De'Aaron Fox,PG,SAC,73,2435,100,0,0,0,0,guard_percent,100,6,3,185,75,guard,5.5,1.8,7.4,0.146,3.4,-0.9,2.5,2.7,TRUE
30586,2023,4709,De'Andre Hunter,SF,ATL,67,2126,0,0,74,26,0,wing_big_percent,100,6,8,225,80,wing,1.4,1.2,2.5,0.057,-1.9,-1.4,-3.3,-0.7,FALSE
30587,2023,4602,De'Anthony Melton,PG,PHI,77,2150,100,0,0,0,0,guard_percent,100,6,2,200,74,guard,1.1,3.1,4.2,0.095,-0.7,1.6,0.9,1.6,FALSE
30588,2023,4710,Dean Wade,PF,CLE,44,891,0,0,32,61,7,wing_big_percent,93,6,9,228,81,wing,0.4,1.4,1.8,0.097,-2.9,2.1,-0.7,0.3,FALSE
30589,2023,4603,Deandre Ayton,C,PHO,67,2035,0,0,0,3,97,big_percent,100,6,11,250,83,big,3.3,3,6.2,0.147,0.9,0,0.9,1.5,TRUE
30590,2023,3810,DeAndre Jordan,C,DEN,39,586,0,0,0,0,100,big_percent,100,6,11,265,83,big,0.5,0.9,1.4,0.112,-2.4,0.7,-1.8,0,FALSE
30591,2023,4394,Dejounte Murray,SG,ATL,74,2693,28,71,1,0,0,guard_percent,99,6,4,180,76,guard,2.4,2.3,4.7,0.084,1.1,0,1,2.1,FALSE
30592,2023,4320,Delon Wright,PG,WAS,50,1221,65,34,2,0,0,guard_percent,99,6,5,185,77,guard,2.1,1.6,3.7,0.146,0.4,3.1,3.4,1.7,TRUE
30593,2023,3872,DeMar DeRozan,SF,CHI,74,2682,0,0,55,43,2,wing_big_percent,98,6,6,220,78,wing,5.4,3.2,8.5,0.153,1.7,0.3,2,2.6,FALSE
30594,2023,4823,Deni Avdija,SF,WAS,76,2020,0,8,62,30,0,wing_big_percent,92,6,9,210,81,wing,0,2.3,2.3,0.054,-2.8,0.5,-2.3,-0.1,FALSE
30595,2023,4157,Dennis Schröder,PG,LAL,66,1986,67,33,0,0,0,guard_percent,100,6,3,172,75,guard,1.3,1.5,2.8,0.068,-2.4,-0.5,-2.9,-0.4,FALSE
30596,2023,4490,Dennis Smith Jr.,PG,CHO,54,1390,98,2,0,0,0,guard_percent,100,6,2,205,74,guard,-0.4,1.5,1.1,0.039,-3.5,1.3,-2.2,-0.1,FALSE
30599,2023,4397,Derrick Jones Jr.,SF,CHI,64,893,0,1,44,52,4,wing_big_percent,96,6,5,210,77,wing,1.2,1.2,2.4,0.131,-1.2,0.8,-0.4,0.4,FALSE
30600,2023,3812,Derrick Rose,PG,NYK,27,338,13,85,2,0,0,guard_percent,98,6,3,200,75,guard,-0.3,0.3,0,-0.001,-2.2,-1.5,-3.7,-0.1,FALSE
30601,2023,4492,Derrick White,SG,BOS,82,2319,21,71,8,0,0,guard_percent,92,6,4,190,76,guard,4.4,3.1,7.4,0.154,1.1,1.3,2.4,2.6,TRUE
30602,2023,4824,Desmond Bane,SG,MEM,58,1841,1,66,32,1,0,wing_small_percent,98,6,5,215,77,wing,3.5,2.3,5.8,0.151,3.3,0.1,3.5,2.5,TRUE
30603,2023,4321,Devin Booker,SG,PHO,53,1835,2,59,40,0,0,wing_small_percent,99,6,5,206,77,wing,4.1,1.9,6,0.157,4.5,-0.3,4.2,2.9,TRUE
30604,2023,4826,Devin Vassell,SG,SAS,38,1178,15,76,9,0,0,guard_percent,91,6,5,200,77,guard,0.7,0.5,1.2,0.051,1.3,-0.9,0.4,0.7,TRUE
30607,2023,4607,Devonte' Graham,PG,NOP,53,811,54,46,0,0,0,guard_percent,100,6,1,195,73,guard,0.9,0.9,1.8,0.105,-0.4,0.6,0.2,0.4,FALSE
30608,2023,4607,Devonte' Graham,PG,SAS,20,527,75,25,0,0,0,guard_percent,100,6,1,195,73,guard,0.6,0.1,0.8,0.069,1,-1.4,-0.4,0.2,FALSE
30612,2023,4494,Dillon Brooks,SF,MEM,73,2214,0,20,75,5,0,wing_small_percent,95,6,7,225,79,wing,-0.8,2.4,1.6,0.034,-3.4,-0.5,-3.9,-1.1,FALSE
30613,2023,4400,Domantas Sabonis,C,SAC,79,2736,0,0,0,0,100,big_percent,100,6,11,240,83,big,9.6,3,12.6,0.221,4.1,1.8,5.8,5.4,TRUE
30614,2023,5043,Dominick Barlow,SF,SAS,28,408,0,0,19,54,27,big_percent,81,6,9,221,81,big,0.5,0.2,0.7,0.082,-3.7,-0.8,-4.5,-0.3,FALSE
30615,2023,4495,Donovan Mitchell,SG,CLE,68,2432,30,69,1,0,0,guard_percent,99,6,1,215,73,guard,5.4,3.5,8.9,0.176,5.6,0.6,6.3,5,TRUE
30617,2023,4608,Donte DiVincenzo,SG,GSW,72,1894,10,79,10,0,0,guard_percent,89,6,4,203,76,guard,1.9,2.3,4.2,0.106,-0.6,1.3,0.7,1.3,FALSE
30617,2023,4608,Donte DiVincenzo,SG,GSW,72,1894,10,79,10,0,0,wing_small_percent,89,6,4,203,76,wing,1.9,2.3,4.2,0.106,-0.6,1.3,0.7,1.3,TRUE
30619,2023,4401,Dorian Finney-Smith,PF,DAL,40,1288,0,0,13,78,9,wing_big_percent,91,6,7,220,79,wing,0.8,0.9,1.7,0.065,-0.9,-0.2,-1.1,0.3,TRUE
30620,2023,4401,Dorian Finney-Smith,PF,BRK,26,721,0,0,52,37,12,wing_big_percent,89,6,7,220,79,wing,-0.3,0.7,0.4,0.027,-3.3,-0.4,-3.7,-0.3,FALSE
30621,2023,4237,Doug McDermott,SF,SAS,64,1314,0,8,52,40,1,wing_big_percent,92,6,7,225,79,wing,1,0,1,0.035,-0.7,-2.6,-3.2,-0.4,FALSE
30622,2023,4085,Draymond Green,PF,GSW,73,2297,0,0,1,74,25,big_percent,99,6,6,230,78,big,1.6,3.1,4.7,0.098,-1.8,2.6,0.8,1.6,FALSE
30623,2023,4610,Drew Eubanks,C,POR,78,1584,0,0,0,3,97,big_percent,100,6,9,245,81,big,2.9,1.6,4.4,0.134,-0.9,0.9,0.1,0.8,TRUE
30625,2023,5045,Dru Smith,SG,MIA,5,67,76,24,0,0,0,guard_percent,100,6,3,203,75,guard,0,0.1,0.1,0.053,-6.3,3.1,-3.1,0,FALSE
30627,2023,4929,Duane Washington Jr.,SG,PHO,31,394,72,26,2,0,0,guard_percent,98,6,3,210,75,guard,-0.8,0.3,-0.5,-0.065,-1.8,-2.8,-4.6,-0.3,FALSE
30628,2023,4611,Duncan Robinson,SF,MIA,42,691,1,18,71,11,0,wing_small_percent,89,6,7,215,79,wing,-0.1,0.6,0.5,0.035,-3.5,-1.5,-5,-0.5,FALSE
30629,2023,4239,Dwight Powell,C,DAL,76,1458,0,0,0,0,100,big_percent,100,6,10,240,82,big,3.8,1.3,5.1,0.168,-1.2,0,-1.2,0.3,FALSE
30631,2023,5046,Dyson Daniels,PG,NOP,59,1042,50,40,11,0,0,guard_percent,90,6,8,199,80,guard,-0.1,1.4,1.3,0.061,-3.4,1.6,-1.8,0,FALSE
30632,2023,4497,Edmond Sumner,SG,BRK,53,736,42,48,10,1,0,guard_percent,90,6,4,196,76,guard,0.6,0.7,1.3,0.086,-2.4,-0.2,-2.6,-0.1,FALSE
30634,2023,3815,Eric Gordon,SG,HOU,47,1418,11,44,45,0,0,wing_small_percent,89,6,3,215,75,wing,1,0.1,1.1,0.037,-0.9,-1.7,-2.6,-0.2,FALSE
30635,2023,3815,Eric Gordon,SG,LAC,22,547,36,62,2,0,0,guard_percent,98,6,3,215,75,guard,0.8,0.4,1.2,0.105,0.5,-0.5,0,0.3,FALSE
30638,2023,4930,Eugene Omoruyi,SF,DET,17,373,0,2,35,62,1,wing_big_percent,97,6,7,244,79,wing,0.1,0.2,0.3,0.034,-2.9,-1.3,-4.1,-0.2,FALSE
30639,2023,4086,Evan Fournier,SG,NYK,27,459,0,3,92,6,0,wing_big_percent,98,6,7,205,79,wing,-0.3,0.4,0.1,0.01,-4,0,-4,-0.2,FALSE
30640,2023,4931,Evan Mobley,PF,CLE,79,2715,0,0,0,54,46,big_percent,100,7,0,215,84,big,3.7,4.8,8.5,0.151,0,1.6,1.7,2.5,TRUE
30646,2023,4500,Frank Ntilikina,PG,DAL,47,607,57,43,0,0,0,guard_percent,100,6,4,200,76,guard,-0.5,0.4,-0.1,-0.01,-6.1,-0.7,-6.8,-0.7,FALSE
30647,2023,4933,Franz Wagner,SF,ORL,80,2609,0,16,72,12,0,wing_small_percent,88,6,9,225,81,wing,3.1,2.3,5.4,0.099,0.4,-0.5,-0.1,1.3,TRUE
30648,2023,4403,Fred VanVleet,PG,TOR,69,2535,92,8,0,0,0,guard_percent,100,6,1,197,73,guard,3.7,2.8,6.5,0.123,2,0.5,2.5,2.9,TRUE
30650,2023,4717,Gabe Vincent,PG,MIA,68,1759,82,19,0,0,0,guard_percent,101,6,3,200,75,guard,-0.3,1.7,1.4,0.038,-3.1,-0.3,-3.4,-0.6,FALSE
30651,2023,4934,Gabe York,SG,IND,3,56,29,71,0,0,0,guard_percent,100,6,3,185,75,guard,0.1,0,0.1,0.091,-1.7,-1.8,-3.4,0,FALSE
30654,2023,4718,Garrison Mathews,SG,HOU,45,602,0,29,71,0,0,wing_small_percent,100,6,5,215,77,wing,0.5,0.2,0.7,0.058,-2.3,-0.2,-2.5,-0.1,FALSE
30656,2023,4245,Gary Harris,SG,ORL,48,1184,7,73,20,0,0,wing_small_percent,93,6,4,210,76,wing,1.3,1.1,2.3,0.095,-1.3,0.7,-0.7,0.4,FALSE
30658,2023,4404,Gary Payton II,PG,POR,15,255,36,64,0,0,0,guard_percent,100,6,3,190,75,guard,0.3,0.2,0.5,0.097,-2.1,1.5,-0.6,0.1,FALSE
30659,2023,4404,Gary Payton II,PG,GSW,7,112,34,66,0,0,0,guard_percent,100,6,3,190,75,guard,0.3,0.2,0.4,0.191,0.6,2,2.6,0.1,FALSE
30660,2023,4618,Gary Trent Jr.,SG,TOR,66,2118,22,76,3,0,0,guard_percent,98,6,5,209,77,guard,2.5,2,4.5,0.102,0.2,0,0.2,1.1,FALSE
30662,2023,3816,George Hill,PG,MIL,35,668,77,23,0,0,0,guard_percent,100,6,4,188,76,guard,0.7,0.7,1.4,0.1,-2.8,1.2,-1.6,0.1,FALSE
30663,2023,3816,George Hill,PG,IND,11,166,63,37,0,0,0,guard_percent,100,6,4,188,76,guard,0.4,0.1,0.5,0.136,-0.8,0,-0.8,0.1,FALSE
30664,2023,4405,Georges Niang,PF,PHI,78,1512,0,0,26,72,2,wing_big_percent,98,6,7,230,79,wing,1.1,1.4,2.5,0.078,-0.4,-1,-1.4,0.2,FALSE
30665,2023,4164,Giannis Antetokounmpo,PF,MIL,63,2024,0,0,0,59,41,big_percent,100,7,0,242,84,big,4.9,3.7,8.6,0.204,5.8,2.7,8.5,5.4,TRUE
30668,2023,4719,Goga Bitadze,C,ORL,17,255,0,0,0,0,100,big_percent,100,6,11,250,83,big,0.6,0.4,1,0.184,0.4,1,1.3,0.2,FALSE
30670,2023,3817,Goran Dragić,PG,CHI,51,787,100,0,0,0,0,guard_percent,100,6,3,190,75,guard,-0.2,0.6,0.4,0.023,-2.1,-1.6,-3.7,-0.3,FALSE
30672,2023,3941,Gordon Hayward,SF,CHO,50,1577,0,10,81,9,0,wing_small_percent,91,6,7,225,79,wing,0.8,1.1,2,0.059,-1.1,-0.3,-1.4,0.2,FALSE
30674,2023,4720,Grant Williams,PF,BOS,79,2045,0,16,61,22,0,wing_big_percent,83,6,6,236,78,wing,1.9,2.6,4.4,0.104,-1.8,0.7,-1.1,0.5,FALSE
30675,2023,4620,Grayson Allen,SG,MIL,72,1972,5,75,21,0,0,wing_small_percent,96,6,4,198,76,wing,2.8,2.2,5.1,0.123,-0.6,0.7,0.1,1,TRUE
30677,2023,4621,Hamidou Diallo,SG,DET,56,996,2,62,32,4,0,wing_small_percent,94,6,5,202,77,wing,0.4,0.9,1.3,0.063,-1.8,0.4,-1.4,0.1,FALSE
30678,2023,4089,Harrison Barnes,PF,SAC,82,2662,0,0,16,84,0,wing_big_percent,100,6,8,225,80,wing,5.1,1.4,6.5,0.118,0.5,-1.5,-1,0.7,FALSE
30679,2023,4623,Haywood Highsmith,SF,MIA,54,969,0,3,47,50,0,wing_big_percent,97,6,7,220,79,wing,-0.3,1.3,0.9,0.046,-3.7,0.7,-3,-0.3,FALSE
30680,2023,4939,Herbert Jones,SF,NOP,66,1951,0,9,67,25,0,wing_big_percent,92,6,8,210,80,wing,1.5,2.7,4.2,0.104,-2,1.7,-0.3,0.8,FALSE
30681,2023,4837,Immanuel Quickley,PG,NYK,81,2344,37,63,0,0,0,guard_percent,100,6,3,190,75,guard,4.4,2.3,6.7,0.137,1.3,0.4,1.7,2.1,FALSE
30682,2023,4838,Isaac Okoro,SF,CLE,76,1652,0,21,73,6,0,wing_small_percent,94,6,5,225,77,wing,1.9,2.3,4.2,0.122,-1.9,1.6,-0.3,0.7,FALSE
30683,2023,4627,Isaiah Hartenstein,C,NYK,82,1626,0,0,0,0,100,big_percent,100,7,0,250,84,big,2.2,2.4,4.6,0.136,-1.5,1.2,-0.3,0.7,FALSE
30684,2023,4940,Isaiah Jackson,C,IND,63,1042,0,0,0,3,97,big_percent,100,6,10,206,82,big,1.5,1.2,2.7,0.124,-1.7,0.9,-0.8,0.3,FALSE
30685,2023,4839,Isaiah Joe,SG,OKC,73,1395,36,54,11,0,0,guard_percent,90,6,4,165,76,guard,2.5,1.3,3.8,0.131,1.3,-0.4,0.9,1,FALSE
30686,2023,4941,Isaiah Livers,PF,DET,52,1199,0,0,17,78,5,wing_big_percent,95,6,7,230,79,wing,0.5,0.5,1,0.041,-2.1,-0.3,-2.4,-0.1,FALSE
30689,2023,4840,Isaiah Stewart,C,DET,50,1414,0,0,0,46,55,big_percent,101,6,8,250,80,big,1.1,0.9,2,0.068,-1,-1.1,-2.1,0,FALSE
30692,2023,4943,Ish Wainright,SF,PHO,60,915,0,0,21,78,1,wing_big_percent,99,6,6,250,78,wing,0.5,1.2,1.7,0.089,-2.7,1.5,-1.2,0.2,FALSE
30693,2023,4410,Ivica Zubac,C,LAC,76,2170,0,0,0,0,100,big_percent,100,7,0,240,84,big,3.8,2.9,6.7,0.149,-1.1,0.2,-0.9,0.6,FALSE
30694,2023,4723,Ja Morant,PG,MEM,61,1948,79,21,0,0,0,guard_percent,100,6,3,174,75,guard,3.4,2.6,6,0.148,5.2,0.5,5.7,3.8,TRUE
30695,2023,5048,Jabari Smith Jr.,PF,HOU,79,2451,0,0,0,77,23,big_percent,100,6,10,220,82,big,0.5,1.4,1.9,0.037,-2.3,-1.3,-3.7,-1.1,FALSE
30698,2023,5051,Jacob Gilyard,PG,MEM,1,41,100,0,0,0,0,guard_percent,100,NA,NA,NA,NA,guard,0,0.1,0.1,0.079,-7.8,1.7,-6.1,0,FALSE
30699,2023,5052,Jaden Hardy,SG,DAL,48,708,18,59,22,2,0,wing_small_percent,81,6,4,198,76,wing,0.2,0.5,0.7,0.048,-0.4,-1.9,-2.3,0,FALSE
30700,2023,5053,Jaden Ivey,SG,DET,74,2304,27,64,8,1,0,guard_percent,91,6,4,195,76,guard,-0.9,0.8,0,-0.001,-1.4,-1.9,-3.3,-0.7,FALSE
30701,2023,4841,Jaden McDaniels,SF,MIN,79,2416,0,2,64,34,0,wing_big_percent,98,6,9,185,81,wing,2,2.4,4.4,0.087,-1.7,0.5,-1.2,0.5,FALSE
30703,2023,4091,Jae Crowder,SF,MIL,18,340,1,34,47,13,5,wing_small_percent,81,6,6,235,78,wing,0.7,0.5,1.2,0.165,0.1,1.1,1.2,0.3,FALSE
30704,2023,4842,Jae'Sean Tate,SF,HOU,31,677,0,38,55,7,0,wing_small_percent,93,6,4,230,76,wing,0.4,0.3,0.7,0.049,-2.8,-0.7,-3.5,-0.3,FALSE
30707,2023,4412,Jakob Poeltl,C,SAS,46,1199,0,0,0,0,100,big_percent,100,7,1,245,85,big,1.8,1.1,2.9,0.115,0.5,0.4,0.9,0.9,TRUE
30708,2023,4412,Jakob Poeltl,C,TOR,26,707,0,0,0,0,100,big_percent,100,7,1,245,85,big,1.9,1.2,3.1,0.209,2.2,1.5,3.6,1,FALSE
30709,2023,4630,Jalen Brunson,PG,NYK,68,2379,100,0,0,0,0,guard_percent,100,6,1,190,73,guard,6.9,1.8,8.7,0.175,4.4,-0.5,3.9,3.5,TRUE
30710,2023,5055,Jalen Duren,C,DET,67,1670,0,0,0,9,91,big_percent,100,6,10,250,82,big,2.9,1.6,4.5,0.129,-0.4,-0.4,-0.8,0.5,TRUE
30711,2023,4946,Jalen Green,SG,HOU,76,2602,21,79,0,0,0,guard_percent,100,6,4,178,76,guard,1.4,0.5,1.9,0.034,0.5,-2.6,-2.1,0,FALSE
30712,2023,4947,Jalen Johnson,SF,ATL,70,1042,0,0,0,99,1,big_percent,100,6,9,220,81,big,0.8,1.3,2.1,0.099,-1.2,1.5,0.3,0.6,FALSE
30714,2023,4725,Jalen McDaniels,SF,CHO,56,1494,0,0,80,20,0,wing_big_percent,100,6,9,205,81,wing,0.1,1.7,1.8,0.057,-2.7,0.7,-2,0,FALSE
30715,2023,4725,Jalen McDaniels,SF,PHI,24,419,0,4,67,30,0,wing_big_percent,97,6,9,205,81,wing,0.4,0.5,1,0.109,-2.5,-0.1,-2.6,-0.1,FALSE
30716,2023,4845,Jalen Smith,PF,IND,68,1279,0,0,0,45,55,big_percent,100,6,10,215,82,big,1.1,1.1,2.3,0.085,-0.9,-1.1,-2.1,0,FALSE
30717,2023,4948,Jalen Suggs,PG,ORL,53,1246,32,59,9,0,0,guard_percent,91,6,4,205,76,guard,-0.2,1.5,1.4,0.053,-1.8,0.8,-1,0.3,FALSE
30718,2023,5056,Jalen Williams,SG,OKC,75,2276,4,31,56,9,0,wing_small_percent,87,6,6,195,78,wing,3,2.6,5.6,0.119,-0.4,0.7,0.3,1.3,FALSE
30719,2023,5057,Jamal Cain,SF,MIA,18,240,9,32,40,20,0,wing_small_percent,72,6,7,191,79,wing,0.5,0.3,0.8,0.169,-0.5,1.4,0.9,0.2,FALSE
30720,2023,4413,Jamal Murray,PG,DEN,65,2133,81,19,0,0,0,guard_percent,100,6,3,215,75,guard,3.3,1.9,5.1,0.116,2.6,-1.3,1.3,1.8,TRUE
30722,2023,5058,Jamaree Bouyea,PG,MIA,4,65,100,0,0,0,0,guard_percent,100,NA,NA,NA,NA,guard,-0.1,0.1,0,0.029,-4.9,1.9,-2.9,0,FALSE
30724,2023,4949,James Bouknight,SG,CHO,34,515,9,89,3,0,0,guard_percent,98,6,5,190,77,guard,-0.8,0.4,-0.4,-0.04,-5.4,-1.1,-6.5,-0.6,FALSE
30725,2023,3880,James Harden,PG,PHI,58,2135,43,58,0,0,0,guard_percent,101,6,5,220,77,guard,5.8,2.6,8.4,0.188,5.1,0.3,5.4,4,TRUE
30728,2023,4846,James Wiseman,C,GSW,21,262,0,0,0,0,100,big_percent,100,7,0,240,84,big,0.5,0.3,0.8,0.144,-1.3,-0.5,-1.7,0,FALSE
30729,2023,4846,James Wiseman,C,DET,24,605,0,0,0,0,100,big_percent,100,7,0,240,84,big,0.2,0.4,0.6,0.049,-2.5,-1.8,-4.3,-0.4,FALSE
30730,2023,4255,JaMychal Green,PF,GSW,57,797,0,0,0,30,71,big_percent,101,6,8,227,80,big,1.2,1,2.2,0.133,-0.7,0.2,-0.5,0.3,FALSE
30731,2023,4952,Jared Butler,SG,OKC,6,77,1,99,0,0,0,guard_percent,100,6,3,195,75,guard,0,0.1,0.1,0.061,-1.9,-0.4,-2.4,0,FALSE
30732,2023,5059,Jared Rhoden,SG,DET,14,198,0,0,40,60,0,wing_big_percent,100,6,6,210,78,wing,0,0.1,0.1,0.027,-4.9,-1.1,-6.1,-0.2,FALSE
30733,2023,4632,Jaren Jackson Jr.,C,MEM,63,1787,0,0,0,23,77,big_percent,100,6,11,242,83,big,2.8,3.8,6.6,0.177,0.7,2,2.8,2.2,TRUE
30735,2023,4634,Jarred Vanderbilt,PF,UTA,52,1254,0,0,0,77,23,big_percent,100,6,9,214,81,big,2.1,1.6,3.6,0.139,0,1.5,1.5,1.1,FALSE
30736,2023,4634,Jarred Vanderbilt,PF,LAL,26,625,0,0,23,61,17,wing_big_percent,84,6,9,214,81,wing,0.6,0.9,1.5,0.118,-1.7,1.9,0.2,0.4,FALSE
30738,2023,4515,Jarrett Allen,C,CLE,68,2220,0,0,0,0,100,big_percent,100,6,11,243,83,big,5.5,4,9.5,0.205,1.3,1,2.4,2.4,FALSE
30739,2023,4728,Jarrett Culver,SG,ATL,10,137,0,22,63,15,0,wing_small_percent,85,NA,NA,NA,NA,wing,-0.1,0.2,0,0.014,-4.8,0.7,-4.1,-0.1,FALSE
30742,2023,4729,Javonte Green,SG,CHI,32,480,32,45,23,0,0,guard_percent,77,6,4,205,76,guard,0.6,0.8,1.4,0.142,-1.1,2.6,1.4,0.4,FALSE
30743,2023,4730,Jaxson Hayes,C,NOP,47,610,0,0,0,46,54,big_percent,100,6,11,220,83,big,0.6,0.9,1.5,0.118,-2.2,1,-1.2,0.1,FALSE
30744,2023,4956,Jay Huff,C,WAS,7,95,0,0,0,0,100,big_percent,100,7,1,240,85,big,0.4,0.1,0.5,0.261,2.8,1.2,4,0.1,FALSE
30745,2023,4847,Jay Scrubb,SG,ORL,2,30,41,59,0,0,0,guard_percent,100,6,5,220,77,guard,0,0,0.1,0.083,-2.9,1,-1.9,0,FALSE
30746,2023,4415,Jaylen Brown,SF,BOS,67,2405,0,39,58,3,0,wing_small_percent,97,6,6,223,78,wing,1.6,3.4,5,0.1,1.5,-0.2,1.3,2,FALSE
30747,2023,4732,Jaylen Nowell,SG,MIN,65,1252,15,61,22,1,0,wing_small_percent,83,6,4,201,76,wing,0,1.2,1.2,0.046,-1.5,-1,-2.5,-0.2,FALSE
30748,2023,5061,Jaylin Williams,PF,OKC,49,914,0,0,0,1,99,big_percent,100,6,10,240,82,big,0.7,1.2,1.9,0.099,-2.3,0.6,-1.8,0.1,FALSE
30749,2023,4518,Jayson Tatum,PF,BOS,74,2732,0,3,30,64,3,wing_big_percent,94,6,8,210,80,wing,6.2,4.3,10.5,0.185,4.8,0.7,5.5,5.1,TRUE
30751,2023,5063,Jeenathan Williams,SG,POR,5,127,1,82,17,0,0,wing_small_percent,99,6,5,205,77,wing,0.3,0,0.3,0.12,-0.9,-2.1,-3,0,FALSE
30753,2023,3761,Jeff Green,PF,DEN,56,1091,0,0,8,89,3,wing_big_percent,97,6,8,235,80,wing,0.8,0.8,1.7,0.074,-2.4,-1,-3.4,-0.4,FALSE
30754,2023,4257,Jerami Grant,PF,POR,63,2246,0,0,4,94,2,wing_big_percent,98,6,8,210,80,wing,3.1,1,4.1,0.087,1.3,-1.4,-0.2,1,TRUE
30755,2023,4959,Jeremiah Robinson-Earl,PF,OKC,43,814,0,0,0,41,59,big_percent,100,6,9,230,81,big,1.1,0.8,1.9,0.111,-0.8,-0.7,-1.5,0.1,FALSE
30756,2023,5064,Jeremy Sochan,PF,SAS,56,1458,0,0,2,95,3,big_percent,98,6,9,230,81,big,-0.5,0.7,0.2,0.005,-2.8,-1.2,-4,-0.7,FALSE
30757,2023,4960,Jericho Sims,C,NYK,52,812,0,0,0,17,83,big_percent,100,6,10,245,82,big,1.6,0.9,2.6,0.153,-1,0.5,-0.5,0.3,FALSE
30758,2023,4638,Jevon Carter,PG,MIL,81,1810,99,1,0,0,0,guard_percent,100,6,1,200,73,guard,1.2,2.3,3.5,0.092,-1.8,1.2,-0.6,0.6,FALSE
30759,2023,4023,Jimmy Butler,SF,MIA,64,2138,0,1,58,41,1,wing_big_percent,99,6,7,230,79,wing,9.4,2.9,12.3,0.277,6.7,2,8.7,5.8,TRUE
30760,2023,4961,Jock Landale,C,PHO,69,979,0,0,0,0,100,big_percent,100,6,11,256,83,big,1.5,1.2,2.7,0.132,-0.8,-0.4,-1.1,0.2,FALSE
30761,2023,4260,Joe Harris,SG,BRK,74,1527,1,42,46,9,1,wing_small_percent,88,6,6,220,78,wing,1.5,1.1,2.6,0.083,-0.6,-0.6,-1.2,0.3,FALSE
30762,2023,4261,Joe Ingles,SF,MIL,46,1044,0,1,50,47,2,wing_big_percent,97,6,8,220,80,wing,1.1,1.2,2.3,0.107,-1.6,0.8,-0.7,0.3,FALSE
30764,2023,4417,Joel Embiid,C,PHI,66,2284,0,0,0,0,100,big_percent,100,7,0,280,84,big,8.4,3.9,12.3,0.259,6.8,2.3,9.2,6.4,TRUE
30766,2023,4519,John Collins,PF,ATL,71,2130,0,0,0,92,8,big_percent,100,6,9,235,81,big,2.1,2.1,4.2,0.095,-1.4,0.2,-1.3,0.4,FALSE
30767,2023,4734,John Konchar,SG,MEM,72,1494,4,81,15,0,0,wing_small_percent,96,6,5,210,77,wing,1,2.5,3.5,0.111,-1.9,2.4,0.5,0.9,FALSE
30768,2023,3951,John Wall,PG,LAC,34,755,79,21,0,0,0,guard_percent,100,NA,NA,NA,NA,guard,-0.4,0.7,0.3,0.02,-0.8,-0.4,-1.2,0.1,FALSE
30769,2023,5066,Johnny Davis,SG,WAS,28,423,1,55,43,1,0,wing_small_percent,98,6,5,196,77,wing,-0.6,0.3,-0.3,-0.031,-5.8,-1.7,-7.4,-0.6,FALSE
30770,2023,5067,Johnny Juzang,SF,UTA,18,232,0,36,56,8,0,wing_small_percent,92,6,7,215,79,wing,-0.3,0.1,-0.2,-0.032,-4.3,-2.2,-6.5,-0.3,FALSE
30771,2023,4100,Jonas Valančiūnas,C,NOP,79,1968,0,0,0,0,100,big_percent,100,6,11,265,83,big,2.8,3,5.8,0.142,0,-0.4,-0.4,0.8,FALSE
30773,2023,4965,Jonathan Kuminga,PF,GSW,67,1394,0,0,2,57,42,big_percent,99,6,8,210,80,big,1,1.4,2.4,0.084,-1.7,-0.1,-1.7,0.1,FALSE
30774,2023,4265,Jordan Clarkson,SG,UTA,61,1988,13,56,30,2,0,wing_small_percent,86,6,4,194,76,wing,0.9,0.8,1.7,0.042,1,-2.4,-1.4,0.3,TRUE
30775,2023,4966,Jordan Goodwin,PG,WAS,62,1106,73,27,0,0,0,guard_percent,100,6,3,200,75,guard,0.9,1.3,2.2,0.097,-0.7,1.4,0.7,0.8,FALSE
30777,2023,4736,Jordan McLaughlin,PG,MIN,43,678,100,0,0,0,0,guard_percent,100,5,11,185,71,guard,0.7,0.6,1.3,0.094,-1.3,0.6,-0.7,0.2,FALSE
30779,2023,4849,Jordan Nwora,SF,MIL,38,597,0,2,59,34,5,wing_big_percent,93,6,8,225,80,wing,0,0.7,0.7,0.057,-2,-0.4,-2.4,0,FALSE
30780,2023,4849,Jordan Nwora,SF,IND,24,591,0,0,8,91,1,wing_big_percent,99,6,8,225,80,wing,0.5,0.3,0.8,0.064,0.4,-2.2,-1.8,0,FALSE
30781,2023,4737,Jordan Poole,PG,GSW,82,2458,63,36,1,0,0,guard_percent,99,6,4,194,76,guard,1.4,1.9,3.2,0.063,0,-1.8,-1.8,0.1,FALSE
30783,2023,4968,Jose Alvarado,PG,NOP,61,1310,100,0,0,0,0,guard_percent,100,6,0,179,72,guard,0.1,1.7,1.8,0.066,-2,0.7,-1.2,0.3,FALSE
30784,2023,4969,Josh Christopher,SG,HOU,64,786,5,81,14,0,0,wing_small_percent,95,6,5,215,77,wing,-0.3,0.3,0,-0.001,-3,-1.4,-4.3,-0.5,FALSE
30785,2023,4970,Josh Giddey,SG,OKC,76,2367,0,5,31,61,3,wing_big_percent,92,6,8,210,80,wing,1.3,2.7,4,0.081,1.5,-0.3,1.1,1.9,TRUE
30786,2023,4850,Josh Green,SG,DAL,60,1539,0,63,34,3,0,wing_small_percent,97,6,5,200,77,wing,1.7,0.9,2.6,0.082,-1.9,-0.6,-2.4,-0.2,FALSE
30788,2023,4525,Josh Hart,SF,POR,51,1704,1,20,77,2,0,wing_small_percent,97,6,5,215,77,wing,2,1.2,3.2,0.091,-0.9,0.7,-0.2,0.8,FALSE
30789,2023,4525,Josh Hart,SG,NYK,25,750,0,40,56,4,0,wing_small_percent,96,6,5,215,77,wing,1.8,1,2.8,0.179,1.4,2,3.4,1,TRUE
30791,2023,4644,Josh Okogie,SG,PHO,72,1350,6,86,8,0,0,wing_small_percent,94,6,4,213,76,wing,1.1,1.7,2.8,0.101,-0.8,0.5,-0.2,0.6,FALSE
30793,2023,4336,Josh Richardson,SG,SAS,42,997,64,36,0,0,0,guard_percent,100,6,5,200,77,guard,0.6,0.4,1,0.047,-0.1,-1,-1.1,0.2,FALSE
30794,2023,4336,Josh Richardson,SG,NOP,23,533,4,86,9,2,0,wing_small_percent,95,6,5,200,77,wing,0.1,0.7,0.8,0.071,-2.9,1.5,-1.3,0.1,FALSE
30795,2023,4971,Joshua Primo,SG,SAS,4,93,2,60,39,0,0,wing_small_percent,99,NA,NA,NA,NA,wing,-0.2,0,-0.1,-0.073,-4.7,-1.6,-6.3,-0.1,FALSE
30796,2023,3891,Jrue Holiday,PG,MIL,67,2183,62,37,1,0,0,guard_percent,99,6,3,205,75,guard,3.9,2.8,6.7,0.148,3,0.1,3.1,2.8,TRUE
30797,2023,4972,JT Thor,PF,CHO,69,969,0,0,3,94,3,wing_big_percent,97,6,10,205,82,wing,-0.6,0.8,0.2,0.009,-4.3,-0.4,-4.7,-0.7,FALSE
30797,2023,4972,JT Thor,PF,CHO,69,969,0,0,3,94,3,big_percent,97,6,10,205,82,big,-0.6,0.8,0.2,0.009,-4.3,-0.4,-4.7,-0.7,FALSE
30799,2023,4739,Juan Toscano-Anderson,SF,LAL,30,365,0,7,51,42,0,wing_big_percent,93,6,6,209,78,wing,0,0.4,0.4,0.055,-4.6,1.2,-3.4,-0.1,FALSE
30800,2023,4739,Juan Toscano-Anderson,SF,UTA,22,335,1,53,44,3,0,wing_small_percent,97,6,6,209,78,wing,-0.1,0.2,0.1,0.019,-4.7,0.4,-4.3,-0.2,FALSE
30801,2023,4419,Juancho Hernangómez,PF,TOR,42,614,0,12,37,43,9,wing_big_percent,80,NA,NA,NA,NA,wing,0.1,0.6,0.7,0.053,-3.5,0.2,-3.3,-0.2,FALSE
30804,2023,5070,Julian Champagnie,SF,SAS,15,313,1,16,61,22,0,wing_big_percent,83,6,8,220,80,wing,0.3,0.1,0.4,0.067,-0.3,-2.7,-3,-0.1,FALSE
30805,2023,4266,Julius Randle,PF,NYK,77,2737,0,0,0,96,4,big_percent,100,6,8,250,80,big,5,3.1,8.1,0.142,3.9,-0.2,3.7,3.9,TRUE
30810,2023,4102,Justin Holiday,SG,ATL,28,411,0,37,61,1,0,wing_small_percent,98,6,6,180,78,wing,-0.1,0.2,0.1,0.007,-3.2,-0.5,-3.7,-0.2,FALSE
30811,2023,4102,Justin Holiday,SG,DAL,18,295,2,39,51,9,0,wing_small_percent,90,6,6,180,78,wing,-0.3,0.3,0.1,0.009,-4.7,0.6,-4.2,-0.2,FALSE
30813,2023,5071,Justin Minaya,SF,POR,4,89,5,12,69,13,0,wing_big_percent,82,6,5,210,77,wing,-0.2,0.1,-0.1,-0.067,-7.1,-1.9,-9,-0.2,FALSE
30814,2023,4338,Justise Winslow,SF,POR,29,776,0,11,64,24,1,wing_big_percent,88,6,6,222,78,wing,-0.1,0.5,0.4,0.022,-3.5,0.7,-2.8,-0.2,FALSE
30815,2023,4267,Jusuf Nurkić,C,POR,52,1391,0,0,0,0,100,big_percent,100,6,11,290,83,big,1.2,1.5,2.7,0.092,-0.6,0.7,0.1,0.7,FALSE
30817,2023,4339,Karl-Anthony Towns,PF,MIN,29,957,0,0,0,65,35,big_percent,100,6,11,248,83,big,1.5,1.1,2.7,0.133,2.1,0.9,3,1.2,FALSE
30818,2023,4032,Kawhi Leonard,SF,LAC,52,1748,0,7,66,27,1,wing_big_percent,93,6,7,225,79,wing,4.9,2.2,7.1,0.194,5.1,0.9,6.1,3.5,TRUE
30819,2023,5072,Keegan Murray,SF,SAC,80,2382,0,2,84,14,0,wing_big_percent,98,6,8,215,80,wing,2.6,1.7,4.3,0.087,0.4,-1,-0.6,0.8,FALSE
30820,2023,4646,Keita Bates-Diop,SF,SAS,67,1452,0,1,37,62,0,wing_big_percent,99,6,8,229,80,wing,2.1,0.6,2.7,0.089,0.3,-0.9,-0.6,0.5,TRUE
30821,2023,4745,Keldon Johnson,SF,SAS,63,2063,2,23,64,11,0,wing_small_percent,87,6,5,220,77,wing,0.7,0.5,1.3,0.03,0.7,-2.5,-1.8,0.1,FALSE
30822,2023,4177,Kelly Olynyk,C,UTA,68,1942,0,0,0,48,52,big_percent,100,6,11,240,83,big,2.4,1.9,4.3,0.106,-0.4,0.9,0.4,1.2,FALSE
30823,2023,4341,Kelly Oubre Jr.,SF,CHO,48,1548,0,58,42,0,0,wing_small_percent,100,6,7,203,79,wing,0.1,1.5,1.7,0.051,-0.4,-0.7,-1.1,0.3,FALSE
30824,2023,4034,Kemba Walker,PG,DAL,9,144,100,0,0,0,0,guard_percent,100,NA,NA,NA,NA,guard,0.2,0.1,0.3,0.098,0.3,-0.6,-0.3,0.1,FALSE
30827,2023,4746,Kendrick Nunn,SG,LAL,39,528,20,62,17,1,0,guard_percent,82,6,2,190,74,guard,-0.6,0.4,-0.2,-0.021,-3.4,-1.6,-5,-0.4,FALSE
30828,2023,4746,Kendrick Nunn,PG,WAS,31,436,91,10,0,0,0,guard_percent,101,6,2,190,74,guard,0,0.4,0.4,0.043,-0.5,-1.3,-1.7,0,FALSE
30831,2023,4647,Kenrich Williams,PF,OKC,53,1206,0,0,10,60,30,big_percent,90,6,6,210,78,big,2,1.3,3.3,0.133,0.1,0.4,0.5,0.8,TRUE
30832,2023,4178,Kentavious Caldwell-Pope,SG,DEN,76,2381,0,72,27,0,0,wing_small_percent,99,6,5,204,77,wing,2,2.5,4.5,0.091,-1.6,0.6,-1,0.6,FALSE
30833,2023,4854,Kenyon Martin Jr.,SF,HOU,82,2292,0,1,87,13,0,wing_big_percent,100,6,6,215,78,wing,4.2,0.7,4.9,0.103,0.6,-1.3,-0.7,0.7,TRUE
30838,2023,4977,Kessler Edwards,SF,SAC,22,306,0,23,74,3,0,wing_small_percent,97,6,8,215,80,wing,0.3,0.2,0.6,0.088,-2.3,-0.1,-2.4,0,FALSE
30840,2023,3770,Kevin Durant,PF,BRK,39,1403,0,0,0,65,35,big_percent,100,6,10,240,82,big,3.9,1.7,5.7,0.194,5.8,1.2,7,3.2,TRUE
30841,2023,3770,Kevin Durant,SF,PHO,8,269,0,0,2,94,4,big_percent,98,6,10,240,82,big,0.8,0.3,1.1,0.196,7.1,0.8,7.9,0.7,FALSE
30842,2023,4648,Kevin Huerter,SG,SAC,75,2203,0,72,26,2,0,wing_small_percent,98,6,7,190,79,wing,3.3,1.7,4.9,0.107,1.4,-0.3,1,1.7,TRUE
30844,2023,4649,Kevin Knox,PF,DET,42,593,0,2,27,68,4,wing_big_percent,95,6,7,215,79,wing,0.2,0.3,0.5,0.043,-2.2,-0.7,-2.8,-0.1,FALSE
30845,2023,4649,Kevin Knox,SF,POR,21,359,0,3,55,40,2,wing_big_percent,95,6,7,215,79,wing,0,0.2,0.1,0.019,-2,-2.7,-4.6,-0.2,FALSE
30847,2023,3830,Kevin Love,PF,CLE,41,821,0,0,0,94,6,big_percent,100,6,8,251,80,big,0.5,1.4,1.9,0.112,0.8,0.6,1.4,0.7,FALSE
30848,2023,3830,Kevin Love,PF,MIA,21,419,0,0,0,80,20,big_percent,100,6,8,251,80,big,0.1,0.6,0.7,0.075,-1,-0.1,-1.1,0.1,FALSE
30849,2023,4748,Kevin Porter Jr.,PG,HOU,59,2024,99,1,0,0,0,guard_percent,100,6,4,203,76,guard,1.9,1,2.9,0.068,1.4,-0.8,0.6,1.3,TRUE
30850,2023,5077,Kevon Harris,SG,ORL,34,457,16,55,28,1,0,wing_small_percent,83,6,6,216,78,wing,0.2,0.4,0.6,0.065,-3.5,-0.1,-3.6,-0.2,FALSE
30851,2023,4342,Kevon Looney,C,GSW,82,1958,0,0,0,0,100,big_percent,100,6,9,222,81,big,5.9,2.8,8.7,0.212,0.9,1.3,2.1,2,TRUE
30853,2023,4107,Khris Middleton,SF,MIL,33,801,0,13,65,21,0,wing_big_percent,86,6,7,222,79,wing,1,1,1.9,0.117,1,-0.3,0.8,0.6,FALSE
30854,2023,4855,Killian Hayes,PG,DET,76,2154,79,16,5,0,0,guard_percent,95,6,5,195,77,guard,-1.9,1.4,-0.5,-0.012,-3.3,-0.5,-3.8,-1,FALSE
30856,2023,4036,Klay Thompson,SG,GSW,69,2279,0,26,71,3,0,wing_small_percent,97,6,6,215,78,wing,1.2,1.9,3.1,0.066,1.4,-1.7,-0.3,1,FALSE
30858,2023,4421,Kris Dunn,PG,UTA,22,568,100,0,0,0,0,guard_percent,100,6,3,205,75,guard,1.3,0.6,1.9,0.162,0.7,1.7,2.4,0.6,FALSE
30859,2023,4343,Kristaps Porziņģis,C,WAS,65,2120,0,0,0,0,100,big_percent,100,7,3,240,87,big,5,2.7,7.7,0.174,3.8,0.5,4.3,3.4,TRUE
30860,2023,4271,Kyle Anderson,PF,MIN,69,1957,0,0,8,90,2,wing_big_percent,98,6,9,230,81,wing,2.5,2.6,5.1,0.125,0.2,2.3,2.5,2.2,TRUE
30861,2023,4534,Kyle Kuzma,PF,WAS,64,2239,0,0,14,81,5,wing_big_percent,95,6,9,221,81,wing,-1,1.9,0.9,0.019,-0.2,-1.5,-1.7,0.2,FALSE
30862,2023,3685,Kyle Lowry,PG,MIA,55,1718,100,0,0,0,0,guard_percent,100,6,0,196,72,guard,1.5,1.9,3.4,0.096,-0.7,0.8,0.2,0.9,FALSE
30864,2023,4037,Kyrie Irving,PG,BRK,40,1478,89,11,0,0,0,guard_percent,100,6,2,195,74,guard,2.9,1.4,4.3,0.14,4.6,-0.8,3.8,2.2,TRUE
30865,2023,4037,Kyrie Irving,PG,DAL,20,763,100,0,0,0,0,guard_percent,100,6,2,195,74,guard,2.5,0.6,3.1,0.198,5.2,-0.4,4.8,1.3,FALSE
30867,2023,4858,Lamar Stevens,PF,CLE,62,1120,0,0,50,50,0,wing_big_percent,100,6,6,230,78,wing,0.3,1.6,1.9,0.08,-3,0.2,-2.8,-0.2,FALSE
30868,2023,4859,LaMelo Ball,PG,CHO,36,1268,75,25,0,0,0,guard_percent,100,6,7,180,79,guard,0.6,1.2,1.8,0.068,3.2,-0.8,2.4,1.4,TRUE
30869,2023,4652,Landry Shamet,SG,PHO,40,807,41,59,0,0,0,guard_percent,100,6,4,190,76,guard,0.5,0.7,1.2,0.071,-1.1,-0.3,-1.4,0.1,FALSE
30870,2023,4345,Larry Nance Jr.,PF,NOP,65,1381,0,0,0,44,56,big_percent,100,6,7,245,79,big,2.8,2.1,4.9,0.171,0,2,2,1.4,FALSE
30871,2023,4535,Lauri Markkanen,SF,UTA,66,2273,0,0,56,41,2,big_percent,97,7,0,240,84,big,6.3,1.9,8.2,0.173,4.9,-1,3.8,3.3,TRUE
30873,2023,3463,LeBron James,PF,LAL,55,1954,0,0,0,78,22,big_percent,100,6,9,250,81,big,3.2,2.4,5.6,0.138,5.5,0.6,6.1,4,TRUE
30875,2023,4980,Lindell Wigginton,PG,MIL,7,87,100,0,0,0,0,guard_percent,100,6,2,189,74,guard,0,0.1,0.1,0.028,-3.1,-3.5,-6.7,-0.1,FALSE
30876,2023,4981,Lindy Waters III,SG,OKC,41,531,0,11,46,42,1,wing_big_percent,88,6,6,215,78,wing,0.6,0.5,1.1,0.101,0.5,-0.4,0.1,0.3,FALSE
30877,2023,4653,Lonnie Walker IV,SG,LAL,56,1297,9,52,37,2,0,wing_small_percent,89,6,4,204,76,wing,0.8,1,1.8,0.066,-0.9,-0.5,-1.4,0.2,FALSE
30878,2023,4753,Louis King,SF,PHI,1,29,0,0,71,29,0,wing_big_percent,100,6,7,205,79,wing,0.1,0,0.1,0.157,3.3,-1,2.3,0,FALSE
30879,2023,4754,Luguentz Dort,SG,OKC,74,2272,7,69,23,1,0,wing_small_percent,92,6,3,215,75,wing,0.9,2.1,2.9,0.062,-2,-1,-3,-0.6,FALSE
30880,2023,4654,Luka Dončić,PG,DAL,66,2391,28,67,5,0,0,guard_percent,95,6,7,230,79,guard,7.3,2.9,10.2,0.204,7.6,1.4,9,6.6,TRUE
30882,2023,4755,Luka Šamanić,PF,UTA,7,161,0,0,59,41,0,wing_big_percent,100,NA,NA,NA,NA,wing,0,0.2,0.2,0.045,-3.2,1.1,-2.1,0,FALSE
30884,2023,4538,Luke Kennard,SG,LAC,35,725,18,56,26,0,0,wing_small_percent,82,6,5,206,77,wing,0.5,0.6,1.1,0.07,-1.4,0,-1.4,0.1,FALSE
30885,2023,4538,Luke Kennard,SG,MEM,24,590,17,80,3,0,0,guard_percent,97,6,5,206,77,guard,1.7,0.6,2.3,0.189,3,-0.2,2.9,0.7,FALSE
30887,2023,4984,Mac McClung,SG,PHI,2,41,100,0,0,0,0,guard_percent,100,6,2,185,74,guard,0.1,0,0.1,0.14,2.2,-1.7,0.5,0,FALSE
30888,2023,4860,Malachi Flynn,PG,TOR,53,691,100,0,0,0,0,guard_percent,100,6,1,175,73,guard,0,0.5,0.5,0.034,-3.3,-0.8,-4.1,-0.4,FALSE
30889,2023,5079,Malaki Branham,SF,SAS,66,1550,14,59,26,1,0,wing_small_percent,85,6,5,180,77,wing,-0.4,0.2,-0.1,-0.004,-3,-2.1,-5.2,-1.2,FALSE
30890,2023,4424,Malcolm Brogdon,PG,BOS,67,1744,52,47,1,0,0,guard_percent,99,6,5,229,77,guard,3.6,2.2,5.8,0.161,2.3,0.6,2.8,2.1,FALSE
30893,2023,4426,Malik Beasley,SG,UTA,55,1472,32,58,10,0,0,guard_percent,90,6,4,187,76,guard,0.3,1,1.2,0.04,-0.4,-1.2,-1.6,0.2,FALSE
30894,2023,4426,Malik Beasley,SG,LAL,26,621,23,73,4,0,0,guard_percent,96,6,4,187,76,guard,-0.5,0.6,0.2,0.012,-2.3,-0.6,-2.9,-0.1,FALSE
30895,2023,4541,Malik Monk,SG,SAC,77,1719,2,92,6,0,0,wing_small_percent,98,6,3,200,75,wing,2.1,1.2,3.2,0.091,1.6,-1.4,0.3,1,FALSE
30897,2023,4042,Marcus Morris,PF,LAC,65,1825,0,0,11,81,8,wing_big_percent,92,6,8,218,80,wing,0.4,1.6,2,0.053,-1.8,-0.2,-1.9,0,FALSE
30898,2023,4275,Marcus Smart,PG,BOS,61,1957,98,2,0,0,0,guard_percent,100,6,3,220,75,guard,1,2.7,3.7,0.092,-1.8,0.8,-1,0.5,FALSE
30899,2023,5080,MarJon Beauchamp,SF,MIL,52,701,1,30,56,13,1,wing_small_percent,86,6,6,199,78,wing,-0.4,0.8,0.4,0.027,-4.1,-0.6,-4.8,-0.5,FALSE
30900,2023,5081,Mark Williams,C,CHO,43,828,0,0,0,0,100,big_percent,100,7,1,241,85,big,1.5,1.3,2.8,0.163,-0.5,0.6,0.1,0.4,FALSE
30901,2023,4544,Markelle Fultz,PG,ORL,60,1778,74,26,0,0,0,guard_percent,100,6,3,209,75,guard,1.7,2,3.7,0.1,-0.1,0.7,0.5,1.2,FALSE
30906,2023,4656,Marvin Bagley III,C,DET,42,990,0,0,0,18,82,big_percent,100,6,11,235,83,big,1.3,0.7,2,0.095,0.3,-1.2,-0.9,0.3,FALSE
30908,2023,4180,Mason Plumlee,C,CHO,56,1597,0,0,0,0,100,big_percent,100,6,11,254,83,big,4.3,1.8,6.1,0.183,1.5,0.9,2.4,1.8,TRUE
30909,2023,4180,Mason Plumlee,C,LAC,23,457,0,0,0,0,100,big_percent,100,6,11,254,83,big,1.2,0.6,1.8,0.19,0.1,1.2,1.3,0.4,FALSE
30911,2023,4760,Matisse Thybulle,SG,PHI,49,591,15,65,19,1,0,wing_small_percent,84,6,5,201,77,wing,0.3,0.9,1.3,0.102,-3.3,3.4,0.1,0.3,TRUE
30912,2023,4760,Matisse Thybulle,SG,POR,22,609,7,71,22,0,0,wing_small_percent,93,6,5,201,77,wing,0.3,0.6,0.9,0.07,-2.2,1.1,-1.2,0.1,FALSE
30917,2023,5082,Max Christie,SG,LAL,41,512,0,26,68,6,0,wing_small_percent,94,6,6,190,78,wing,0.1,0.5,0.6,0.058,-3.1,0,-3.1,-0.1,FALSE
30918,2023,4763,Max Strus,SF,MIA,80,2272,2,40,55,4,0,wing_small_percent,95,6,5,215,77,wing,1.5,1.9,3.4,0.071,-0.8,-0.9,-1.7,0.2,FALSE
30919,2023,4547,Maxi Kleber,C,DAL,37,930,0,0,0,13,87,big_percent,100,6,10,240,82,big,0.7,0.6,1.3,0.067,-2.2,0,-2.2,0,FALSE
30920,2023,4989,McKinley Wright IV,PG,DAL,27,335,99,1,0,0,0,guard_percent,100,6,0,196,72,guard,0.2,0.2,0.5,0.069,-1.9,-0.8,-2.7,-0.1,FALSE
30921,2023,4116,Meyers Leonard,C,MIL,9,114,0,0,0,0,100,big_percent,100,7,0,260,84,big,0.2,0.1,0.3,0.126,-2.8,-2.2,-5,-0.1,FALSE
30926,2023,4766,Michael Porter Jr.,SF,DEN,62,1798,0,0,96,4,0,wing_big_percent,100,6,10,218,82,wing,2.6,1.8,4.3,0.116,2,-1.8,0.2,1,TRUE
30928,2023,4658,Mikal Bridges,SF,PHO,56,2040,0,19,66,15,0,wing_small_percent,85,6,6,209,78,wing,2.7,2.2,4.9,0.116,0.4,0.6,1,1.6,FALSE
30929,2023,4658,Mikal Bridges,SF,BRK,27,923,0,41,39,19,1,wing_small_percent,80,6,6,209,78,wing,1.7,0.8,2.5,0.133,4.1,-0.8,3.3,1.2,TRUE
30931,2023,3779,Mike Conley,PG,UTA,43,1276,100,0,0,0,0,guard_percent,100,6,1,175,73,guard,2.2,0.8,3,0.113,0.7,-0.5,0.2,0.7,TRUE
30932,2023,3779,Mike Conley,PG,MIN,24,753,97,3,0,0,0,guard_percent,100,6,1,175,73,guard,1.8,0.7,2.5,0.158,1.5,0.6,2,0.7,FALSE
30934,2023,4183,Mike Muscala,C,OKC,43,622,0,0,0,0,100,big_percent,100,6,10,240,82,big,1,0.7,1.7,0.134,0.2,-0.1,0.1,0.3,FALSE
30935,2023,4183,Mike Muscala,C,BOS,20,323,0,0,0,26,74,big_percent,100,6,10,240,82,big,0.4,0.4,0.8,0.116,-1.5,0.1,-1.4,0.1,FALSE
30937,2023,4661,Mitchell Robinson,C,NYK,59,1591,0,0,0,0,100,big_percent,100,7,0,240,84,big,4,2.6,6.5,0.198,1,1.4,2.4,1.7,FALSE
30939,2023,4662,Mo Bamba,C,ORL,40,681,0,0,0,0,100,big_percent,100,7,0,231,84,big,1.2,0.9,2.1,0.15,0.4,0.9,1.3,0.6,FALSE
30941,2023,4551,Monte Morris,PG,WAS,62,1695,100,0,0,0,0,guard_percent,100,6,2,183,74,guard,3.1,1.1,4.2,0.12,0.8,-0.4,0.5,1.1,FALSE
30943,2023,4663,Moritz Wagner,C,ORL,57,1109,0,0,0,6,94,big_percent,100,6,11,245,83,big,2.1,1.3,3.4,0.149,0.4,0.2,0.6,0.7,FALSE
30947,2023,4992,Moses Moody,SG,GSW,63,817,0,47,51,2,0,wing_small_percent,98,6,6,205,78,wing,0.7,0.6,1.3,0.076,-1.7,-0.9,-2.6,-0.1,FALSE
30949,2023,4350,Myles Turner,C,IND,62,1825,0,0,0,0,100,big_percent,100,6,11,250,83,big,3.4,2,5.4,0.142,1.4,0.7,2.1,1.9,TRUE
30950,2023,4865,Naji Marshall,SF,NOP,77,1792,0,22,65,13,0,wing_small_percent,87,6,7,220,79,wing,0.5,2,2.5,0.068,-1.9,0,-1.9,0.1,FALSE
30951,2023,4770,Nassir Little,SF,POR,54,976,1,21,56,22,0,wing_big_percent,78,6,5,220,77,wing,0.2,0.4,0.7,0.032,-1.6,-1.5,-3,-0.3,FALSE
30953,2023,4771,Naz Reid,C,MIN,68,1251,0,0,0,16,84,big_percent,100,6,9,264,81,big,1.1,1.9,3,0.114,0.3,0.8,1,1,FALSE
30957,2023,4278,Nerlens Noel,C,BRK,3,43,0,0,0,0,100,big_percent,100,NA,NA,NA,NA,big,-0.2,0.1,-0.1,-0.112,-11.3,1,-10.3,-0.1,FALSE
30958,2023,4772,Nic Claxton,C,BRK,76,2271,0,0,0,0,100,big_percent,100,6,11,215,83,big,5.2,4,9.2,0.195,0.9,2.2,3.1,2.9,FALSE
30959,2023,4869,Nick Richards,C,CHO,65,1217,0,0,0,0,100,big_percent,100,7,0,245,84,big,2.7,1.5,4.2,0.165,-1,-0.2,-1.3,0.2,FALSE
30961,2023,4773,Nickeil Alexander-Walker,SG,UTA,36,528,0,28,62,10,0,wing_small_percent,90,6,6,205,78,wing,0.3,0.5,0.8,0.074,-0.6,1.1,0.5,0.3,TRUE
30962,2023,4773,Nickeil Alexander-Walker,SG,MIN,23,356,5,48,42,5,0,wing_small_percent,90,6,6,205,78,wing,0,0.3,0.3,0.044,-2.4,-0.6,-3,-0.1,FALSE
30963,2023,3841,Nicolas Batum,PF,LAC,78,1709,0,0,0,60,41,big_percent,101,6,8,230,80,big,1.7,1.9,3.6,0.101,-0.8,1.2,0.5,1,TRUE
30964,2023,4352,Nikola Jokić,C,DEN,69,2323,0,0,0,0,100,big_percent,100,6,11,284,83,big,11.2,3.8,14.9,0.308,8.5,4.5,13,8.8,TRUE
30965,2023,5085,Nikola Jović,PF,MIA,15,204,0,0,0,54,46,big_percent,100,6,10,209,82,big,0,0.2,0.2,0.053,-3.4,0,-3.4,-0.1,FALSE
30966,2023,4047,Nikola Vučević,C,CHI,82,2746,0,0,0,1,100,big_percent,101,6,10,260,82,big,3.9,4.4,8.3,0.145,1.9,0.7,2.7,3.2,TRUE
30968,2023,4353,Norman Powell,SG,LAC,60,1567,25,67,7,0,0,guard_percent,92,6,3,215,75,guard,2.1,1.4,3.5,0.107,1,-0.7,0.3,0.9,TRUE
30969,2023,4871,Obi Toppin,PF,NYK,67,1050,0,0,0,100,0,wing_big_percent,100,6,9,220,81,wing,1.1,1,2.1,0.095,0.3,-0.8,-0.5,0.4,FALSE
30969,2023,4871,Obi Toppin,PF,NYK,67,1050,0,0,0,100,0,big_percent,100,6,9,220,81,big,1.1,1,2.1,0.095,0.3,-0.8,-0.5,0.4,FALSE
30970,2023,5086,Ochai Agbaji,SG,UTA,59,1209,38,40,20,3,0,guard_percent,78,6,5,215,77,guard,0.9,0.4,1.3,0.053,-1.7,-1.4,-3,-0.3,FALSE
30971,2023,4555,OG Anunoby,SF,TOR,67,2386,2,50,48,1,0,wing_small_percent,98,6,7,232,79,wing,1.8,2.9,4.7,0.094,-0.3,0.7,0.4,1.5,FALSE
30972,2023,4996,Olivier Sarr,C,OKC,9,114,0,0,0,0,100,big_percent,100,7,0,237,84,big,0.1,0.1,0.2,0.094,-4.2,-0.7,-4.9,-0.1,FALSE
30974,2023,4872,Onyeka Okongwu,C,ATL,80,1849,0,0,0,1,100,big_percent,101,6,8,235,80,big,4.7,2.4,7.1,0.185,0,0.8,0.8,1.3,FALSE
30975,2023,5087,Orlando Robinson,C,MIA,31,425,0,0,0,4,96,big_percent,100,7,0,235,84,big,0.5,0.6,1.1,0.129,-2.7,0.7,-2.1,0,FALSE
30976,2023,4777,Oshae Brissett,SF,IND,65,1083,0,4,10,85,1,wing_big_percent,95,6,7,210,79,wing,0.4,0.7,1.1,0.05,-2,-1.2,-3.2,-0.3,FALSE
30977,2023,4189,Otto Porter Jr.,SF,TOR,8,146,10,75,14,0,0,wing_small_percent,89,6,8,198,80,wing,0.2,0.2,0.4,0.142,-1.3,2,0.7,0.1,FALSE
30978,2023,5088,Ousmane Dieng,SF,OKC,39,569,0,3,37,53,7,wing_big_percent,90,6,10,216,82,wing,-0.1,0.6,0.4,0.038,-3.1,-0.5,-3.6,-0.2,FALSE
30979,2023,3698,P.J. Tucker,PF,PHI,75,1920,0,1,82,17,0,wing_big_percent,99,6,5,245,77,wing,0.9,1.7,2.5,0.064,-3.2,0.1,-3,-0.5,FALSE
30980,2023,4778,P.J. Washington,PF,CHO,73,2380,0,0,3,95,3,wing_big_percent,98,6,7,230,79,wing,0.4,2.2,2.6,0.052,-1,-0.3,-1.3,0.4,TRUE
30980,2023,4778,P.J. Washington,PF,CHO,73,2380,0,0,3,95,3,big_percent,98,6,7,230,79,big,0.4,2.2,2.6,0.052,-1,-0.3,-1.3,0.4,FALSE
30981,2023,5089,Paolo Banchero,PF,ORL,72,2430,0,0,27,70,3,wing_big_percent,97,6,10,250,82,wing,-0.3,2.6,2.4,0.047,-0.7,-0.7,-1.5,0.3,FALSE
30982,2023,4437,Pascal Siakam,C,TOR,71,2652,0,0,0,43,57,big_percent,100,6,9,230,81,big,5.2,2.6,7.8,0.141,3.3,-0.1,3.1,3.5,TRUE
30983,2023,4354,Pat Connaughton,SG,MIL,61,1443,1,26,67,6,0,wing_small_percent,93,6,5,209,77,wing,0.7,1.8,2.5,0.085,-1.3,0.3,-1.1,0.3,FALSE
30986,2023,4124,Patrick Beverley,PG,LAL,45,1211,100,0,0,0,0,guard_percent,100,6,1,180,73,guard,0.5,1.3,1.8,0.071,-3.2,1.4,-1.8,0.1,FALSE
30987,2023,4124,Patrick Beverley,PG,CHI,22,605,100,0,0,0,0,guard_percent,100,6,1,180,73,guard,0.3,0.9,1.2,0.096,-2.4,2.2,-0.2,0.3,FALSE
30988,2023,4873,Patrick Williams,PF,CHI,82,2323,0,0,0,89,11,big_percent,100,6,7,215,79,big,0.5,3,3.5,0.072,-1.7,0.4,-1.3,0.4,FALSE
30989,2023,3898,Patty Mills,PG,BRK,40,567,100,0,0,0,0,guard_percent,100,6,1,180,73,guard,0,0.4,0.4,0.035,-1.4,-1.7,-3.1,-0.2,FALSE
30990,2023,3969,Paul George,SG,LAC,56,1939,1,38,51,10,0,wing_small_percent,89,6,8,220,80,wing,2.3,2.3,4.6,0.114,2.4,0.3,2.8,2.3,FALSE
30992,2023,4875,Payton Pritchard,PG,BOS,48,643,100,0,0,0,0,guard_percent,100,6,1,195,73,guard,-0.1,0.7,0.6,0.045,-2.1,-1.2,-3.4,-0.2,FALSE
30995,2023,4876,Precious Achiuwa,C,TOR,55,1140,0,0,9,58,33,big_percent,91,6,8,225,80,big,0.8,1.4,2.2,0.093,-1.4,-0.8,-2.3,-0.1,FALSE
30996,2023,5000,Quentin Grimes,SG,NYK,71,2121,0,65,35,0,0,wing_small_percent,100,6,5,205,77,wing,3.2,1.6,4.8,0.108,-0.3,0.1,-0.1,1,TRUE
30997,2023,5092,Quenton Jackson,PG,WAS,9,135,22,62,16,0,0,guard_percent,84,6,5,175,77,guard,0.1,0.1,0.2,0.078,-3.7,-1.5,-5.2,-0.1,FALSE
30999,2023,4877,R.J. Hampton,PG,ORL,26,361,88,12,0,0,0,guard_percent,100,6,4,175,76,guard,0.2,0.4,0.6,0.077,-1.6,0.3,-1.3,0.1,FALSE
31000,2023,4877,R.J. Hampton,PG,DET,21,389,100,0,0,0,0,guard_percent,100,6,4,175,76,guard,-0.1,0.2,0.1,0.01,-3.1,-1.4,-4.4,-0.2,FALSE
31001,2023,5093,RaiQuan Gray,PF,BRK,1,35,0,0,0,35,65,big_percent,100,NA,NA,NA,NA,big,0,0,0.1,0.106,-0.6,-1.4,-2,0,FALSE
31003,2023,4194,Reggie Bullock,SF,DAL,78,2364,0,2,45,51,2,wing_big_percent,96,6,6,205,78,wing,1.3,1.4,2.8,0.056,-2.2,-0.3,-2.6,-0.4,FALSE
31005,2023,4050,Reggie Jackson,PG,LAC,52,1338,100,0,0,0,0,guard_percent,100,6,2,208,74,guard,-0.4,1,0.6,0.02,-2.6,-1,-3.6,-0.6,FALSE
31006,2023,4050,Reggie Jackson,PG,DEN,16,319,88,12,0,0,0,guard_percent,100,6,2,208,74,guard,-0.2,0.2,0.1,0.008,-3.8,-1.3,-5.1,-0.3,FALSE
31008,2023,4051,Ricky Rubio,PG,CLE,33,566,60,40,0,0,0,guard_percent,100,6,2,190,74,guard,-0.2,0.9,0.7,0.062,-3.8,1.1,-2.8,-0.1,FALSE
31009,2023,4782,RJ Barrett,SG,NYK,73,2475,0,18,78,4,0,wing_small_percent,96,6,6,214,78,wing,0.5,1.8,2.2,0.043,-1.2,-1.9,-3.1,-0.7,FALSE
31010,2023,4197,Robert Covington,PF,LAC,48,779,0,0,21,73,6,wing_big_percent,94,6,7,209,79,wing,0.7,1.2,1.9,0.117,-0.5,2.1,1.7,0.7,FALSE
31011,2023,4667,Robert Williams,C,BOS,35,824,0,0,1,46,53,big_percent,99,6,9,237,81,big,2.3,1.6,3.8,0.224,1,2.4,3.3,1.1,FALSE
31013,2023,4443,Rodney McGruder,SG,DET,32,524,0,53,41,6,0,wing_small_percent,94,6,4,205,76,wing,0.5,0.2,0.7,0.068,-0.8,-0.7,-1.5,0.1,FALSE
31014,2023,4783,Romeo Langford,SG,SAS,43,844,11,65,24,0,0,wing_small_percent,89,6,4,216,76,wing,0.3,0.2,0.5,0.029,-2.6,-1.5,-4.2,-0.5,FALSE
31016,2023,4560,Royce O'Neale,SF,BRK,76,2409,0,15,54,28,3,wing_big_percent,82,6,4,226,76,wing,0.4,2.5,2.9,0.057,-1.7,0.6,-1.1,0.5,FALSE
31017,2023,3713,Rudy Gay,PF,UTA,56,816,0,0,0,64,36,big_percent,100,6,8,250,80,big,-0.4,0.7,0.3,0.018,-3.6,-0.4,-4,-0.4,FALSE
31018,2023,4199,Rudy Gobert,C,MIN,70,2148,0,0,0,0,100,big_percent,100,7,1,258,85,big,4.3,3.5,7.8,0.174,0,0.6,0.7,1.4,TRUE
31020,2023,4784,Rui Hachimura,PF,WAS,30,728,0,0,56,42,3,wing_big_percent,98,6,8,230,80,wing,0,0.5,0.6,0.038,-1.2,-1.4,-2.6,-0.1,FALSE
31021,2023,4784,Rui Hachimura,PF,LAL,33,738,0,0,24,54,22,wing_big_percent,78,6,8,230,80,wing,0.5,0.7,1.2,0.081,-1.4,-0.5,-1.9,0,FALSE
31023,2023,3849,Russell Westbrook,PG,LAL,52,1491,47,43,10,0,0,guard_percent,90,6,3,200,75,guard,-1.2,1.9,0.7,0.023,-0.2,0.1,-0.1,0.7,TRUE
31024,2023,3849,Russell Westbrook,PG,LAC,21,635,92,8,0,0,0,guard_percent,100,6,3,200,75,guard,0.6,0.7,1.2,0.092,1.6,-0.7,0.9,0.5,FALSE
31027,2023,4561,Ryan Arcidiacono,PG,POR,9,146,96,4,0,0,0,guard_percent,100,NA,NA,NA,NA,guard,-0.2,0,-0.1,-0.049,-7,-2.4,-9.4,-0.3,FALSE
31031,2023,4881,Saben Lee,PG,PHO,23,363,99,1,0,0,0,guard_percent,100,6,2,183,74,guard,0.3,0.4,0.7,0.093,-2.7,0.9,-1.8,0,FALSE
31033,2023,4882,Saddiq Bey,SF,DET,52,1500,0,11,79,9,1,wing_small_percent,90,6,7,215,79,wing,1.5,0.8,2.3,0.074,0.5,-1.1,-0.7,0.5,FALSE
31034,2023,4882,Saddiq Bey,SF,ATL,25,629,0,7,69,24,0,wing_big_percent,93,6,7,215,79,wing,1.1,0.5,1.6,0.119,1.7,-1.2,0.5,0.4,FALSE
31035,2023,5003,Sam Hauser,PF,BOS,80,1290,0,2,21,71,6,wing_big_percent,92,6,8,215,80,wing,1.8,1.6,3.4,0.128,0.6,0.4,1,1,FALSE
31039,2023,5004,Sandro Mamukelashvili,C,SAS,19,443,0,0,0,22,79,big_percent,101,6,11,240,83,big,0.4,0.2,0.6,0.07,0.3,-2.1,-1.8,0,FALSE
31040,2023,5005,Santi Aldama,PF,MEM,77,1682,0,0,0,45,55,big_percent,100,6,11,224,83,big,2.1,2.4,4.6,0.13,-0.3,0.8,0.5,1.1,FALSE
31041,2023,5006,Scottie Barnes,PF,TOR,77,2678,0,2,42,44,12,wing_big_percent,86,6,9,227,81,wing,2.3,2.7,5,0.09,0.5,-0.1,0.4,1.6,TRUE
31044,2023,4203,Seth Curry,SG,BRK,61,1211,35,49,17,0,0,guard_percent,84,6,2,185,74,guard,0.9,0.9,1.8,0.07,-1.2,-0.9,-2.1,0,FALSE
31045,2023,5097,Shaedon Sharpe,SG,POR,80,1779,8,61,30,0,0,wing_small_percent,91,6,6,200,78,wing,0.6,0.6,1.2,0.032,-1.3,-2,-3.3,-0.6,FALSE
31046,2023,4670,Shai Gilgeous-Alexander,PG,OKC,68,2416,84,17,0,0,0,guard_percent,101,6,6,180,78,guard,8.4,3,11.4,0.226,5.8,1.5,7.3,5.6,TRUE
31047,2023,4671,Shake Milton,SG,PHI,76,1567,13,58,28,1,0,wing_small_percent,86,6,5,205,77,wing,1.6,1.2,2.9,0.087,-1,-0.9,-2,0,FALSE
31048,2023,4563,Shaquille Harrison,SG,POR,5,120,100,0,0,0,0,guard_percent,100,6,4,190,76,guard,0.2,0.2,0.3,0.137,-2.5,2.6,0.1,0.1,FALSE
31049,2023,5098,Simone Fontecchio,SF,UTA,52,766,0,13,58,29,0,wing_big_percent,87,6,8,209,80,wing,-0.4,0.3,-0.1,-0.004,-3,-2.1,-5.2,-0.6,FALSE
31050,2023,4885,Skylar Mays,SG,POR,6,189,74,26,0,0,0,guard_percent,100,6,4,205,76,guard,0.6,0.1,0.7,0.171,2.3,-1.9,0.4,0.1,FALSE
31052,2023,4291,Spencer Dinwiddie,PG,DAL,53,1808,85,13,2,0,0,guard_percent,98,6,5,215,77,guard,3.3,1,4.3,0.114,2,-1.2,0.9,1.3,FALSE
31053,2023,4291,Spencer Dinwiddie,PG,BRK,26,917,98,2,0,0,0,guard_percent,100,6,5,215,77,guard,1.2,0.8,2,0.103,0.7,-0.5,0.2,0.5,FALSE
31054,2023,4364,Stanley Johnson,SF,SAS,30,469,0,22,64,13,1,wing_small_percent,86,NA,NA,NA,NA,wing,0.5,0.3,0.7,0.076,-0.8,-0.2,-1,0.1,FALSE
31056,2023,3903,Stephen Curry,PG,GSW,56,1941,100,0,0,0,0,guard_percent,100,6,2,185,74,guard,5.8,2,7.8,0.192,7.5,0.1,7.6,4.7,TRUE
31058,2023,4208,Steven Adams,C,MEM,42,1133,0,0,0,0,100,big_percent,100,6,11,265,83,big,1.3,2.1,3.4,0.144,-0.3,0.9,0.6,0.7,FALSE
31061,2023,4672,Svi Mykhailiuk,SF,CHO,19,428,1,25,70,3,1,wing_small_percent,95,6,7,205,79,wing,0.4,0.3,0.7,0.076,0.3,-0.8,-0.5,0.2,FALSE
31062,2023,4365,T.J. McConnell,PG,IND,75,1526,100,0,0,0,0,guard_percent,100,6,1,190,73,guard,1.9,1.2,3.1,0.098,0.4,0.1,0.5,1,FALSE
31064,2023,4292,T.J. Warren,PF,BRK,26,490,0,0,20,62,18,wing_big_percent,82,6,8,220,80,wing,0.3,0.5,0.8,0.081,-1.4,-0.6,-2,0,FALSE
31065,2023,4292,T.J. Warren,SF,PHO,16,197,0,0,7,88,6,wing_big_percent,95,6,8,220,80,wing,0,0.3,0.3,0.08,-2.5,0.6,-1.9,0,FALSE
31067,2023,4789,Talen Horton-Tucker,SG,UTA,65,1313,8,51,37,4,0,wing_small_percent,88,6,4,234,76,wing,-0.3,1.1,0.8,0.029,-1.1,-0.5,-1.6,0.1,FALSE
31068,2023,5100,Tari Eason,PF,HOU,82,1767,0,0,23,77,1,wing_big_percent,100,6,8,216,80,wing,0.9,1.7,2.6,0.07,-1.3,-0.4,-1.7,0.1,FALSE
31069,2023,4450,Taurean Prince,SF,MIN,54,1192,1,12,65,22,0,wing_big_percent,87,6,7,218,79,wing,0.3,1,1.3,0.052,-2.7,-0.6,-3.3,-0.4,FALSE
31070,2023,4791,Terance Mann,SG,LAC,81,1872,18,46,33,4,0,wing_small_percent,79,6,5,215,77,wing,2.8,1.5,4.3,0.111,-0.3,0.1,-0.2,0.8,FALSE
31071,2023,4792,Terence Davis,SG,SAC,64,841,3,47,48,1,0,wing_small_percent,95,6,4,201,76,wing,0,0.9,0.9,0.054,-1.3,-0.3,-1.5,0.1,FALSE
31073,2023,4131,Terrence Ross,SG,ORL,42,944,14,66,19,0,0,wing_small_percent,85,6,6,206,78,wing,-0.1,0.7,0.6,0.032,-2.7,-0.4,-3.1,-0.3,FALSE
31074,2023,4131,Terrence Ross,SG,PHO,21,386,0,18,67,15,0,wing_small_percent,85,6,6,206,78,wing,0.6,0.4,1,0.127,0.3,0.2,0.5,0.2,FALSE
31075,2023,4366,Terry Rozier,SG,CHO,63,2221,32,65,3,0,0,guard_percent,97,6,1,190,73,guard,0.1,1.6,1.7,0.037,0.6,-1.1,-0.6,0.8,FALSE
31079,2023,3791,Thaddeus Young,PF,TOR,54,795,0,6,40,48,7,wing_big_percent,88,6,8,235,80,wing,0.7,1.1,1.8,0.109,-1.8,1.9,0.1,0.4,FALSE
31081,2023,4886,Théo Maledon,PG,CHO,44,854,100,0,0,0,0,guard_percent,100,6,4,175,76,guard,0,0.9,0.8,0.047,-3,0.5,-2.5,-0.1,FALSE
31084,2023,4568,Thomas Bryant,C,LAL,41,876,0,0,0,4,96,big_percent,100,6,10,248,82,big,2.7,1.2,3.8,0.211,2.4,-0.1,2.3,0.9,FALSE
31086,2023,4209,Tim Hardaway Jr.,SG,DAL,71,2152,0,14,73,13,0,wing_small_percent,87,6,5,205,77,wing,1,1.3,2.3,0.051,-0.3,-1.5,-1.8,0.1,FALSE
31087,2023,4055,Tobias Harris,PF,PHI,74,2436,0,0,0,92,8,big_percent,100,6,8,226,80,big,3.1,2.8,5.9,0.116,0.6,0.1,0.7,1.7,FALSE
31089,2023,4570,Torrey Craig,SF,PHO,79,1948,0,0,28,72,0,wing_big_percent,100,6,7,221,79,wing,1.5,2.5,4,0.098,-1.3,0.7,-0.6,0.7,FALSE
31090,2023,4676,Trae Young,PG,ATL,73,2541,100,0,0,0,0,guard_percent,100,6,1,164,73,guard,5.3,1.4,6.7,0.126,5.3,-2,3.3,3.4,TRUE
31091,2023,4887,Tre Jones,PG,SAS,68,1984,100,0,0,0,0,guard_percent,100,6,1,185,73,guard,2.6,0.8,3.4,0.082,-0.2,-0.8,-1,0.5,FALSE
31092,2023,5012,Tre Mann,PG,OKC,67,1183,100,0,0,0,0,guard_percent,100,6,3,178,75,guard,-0.6,1.1,0.5,0.021,-3,-1,-3.9,-0.6,FALSE
31093,2023,5014,Trendon Watford,PF,POR,62,1182,0,0,1,44,55,big_percent,99,6,9,240,81,big,1.3,0.7,2.1,0.084,-1.4,-0.4,-1.8,0.1,FALSE
31094,2023,4888,Trent Forrest,PG,ATL,23,277,53,47,0,0,0,guard_percent,100,6,4,210,76,guard,-0.2,0.2,-0.1,-0.011,-5.4,0.2,-5.2,-0.2,FALSE
31098,2023,4369,Trey Lyles,PF,SAC,74,1247,0,0,1,94,5,big_percent,99,6,9,234,81,big,1.4,1.2,2.6,0.098,0,-0.9,-1,0.3,FALSE
31099,2023,5016,Trey Murphy III,SF,NOP,79,2448,0,0,26,73,2,wing_big_percent,99,6,9,206,81,wing,4.8,2.8,7.6,0.15,1.4,0.4,1.8,2.3,TRUE
31100,2023,4678,Troy Brown Jr.,SF,LAL,76,1860,0,2,70,28,0,wing_big_percent,98,6,6,215,78,wing,1,2,2.9,0.075,-1.8,0.8,-1,0.5,FALSE
31101,2023,4794,Ty Jerome,SG,GSW,45,816,21,61,18,0,0,guard_percent,82,6,5,195,77,guard,1.4,0.7,2.1,0.124,-1,0.3,-0.8,0.3,FALSE
31103,2023,4796,Tyler Herro,SG,MIA,67,2337,20,77,3,0,0,guard_percent,97,6,5,195,77,guard,1.1,2.4,3.5,0.072,1.5,-0.8,0.6,1.6,TRUE
31104,2023,4892,Tyrese Haliburton,PG,IND,56,1883,87,13,0,0,0,guard_percent,100,6,5,185,77,guard,6.4,1.2,7.6,0.195,7,0.2,7.2,4.4,TRUE
31106,2023,4893,Tyrese Maxey,SG,PHI,60,2016,25,56,19,0,0,guard_percent,81,6,2,200,74,guard,3.7,1.6,5.4,0.128,1.9,-1.2,0.7,1.3,FALSE
31107,2023,5104,TyTy Washington Jr.,PG,HOU,31,433,100,0,0,0,0,guard_percent,100,6,3,197,75,guard,-0.3,0.1,-0.1,-0.016,-5,-1.3,-6.3,-0.5,FALSE
31108,2023,4370,Tyus Jones,PG,MEM,80,1940,98,2,0,0,0,guard_percent,100,6,0,196,72,guard,3.4,2.3,5.7,0.141,1.2,0.3,1.6,1.7,FALSE
31111,2023,5018,Usman Garuba,PF,HOU,75,970,0,0,1,35,64,big_percent,99,6,8,220,80,big,0.9,0.9,1.8,0.091,-2,0.6,-1.4,0.2,FALSE
31113,2023,4217,Victor Oladipo,SG,MIA,42,1106,14,61,24,0,0,wing_small_percent,85,6,4,213,76,wing,-0.9,1.5,0.6,0.024,-2.9,0.8,-2.1,0,FALSE
31116,2023,4799,Vlatko Čančar,PF,DEN,60,889,0,0,1,90,9,big_percent,99,6,8,236,80,big,0.9,0.8,1.7,0.093,-1.7,-0.1,-1.8,0,FALSE
31117,2023,5106,Walker Kessler,C,UTA,74,1703,0,0,0,0,100,big_percent,100,7,1,245,85,big,4.6,2.5,7.1,0.2,1.4,1.5,2.9,2.1,FALSE
31118,2023,4682,Wendell Carter Jr.,C,ORL,57,1690,0,0,0,6,94,big_percent,100,6,10,270,82,big,2.6,2,4.6,0.13,0.9,0.1,1,1.3,TRUE
31120,2023,4800,Wenyen Gabriel,PF,LAL,68,1024,0,0,7,66,27,big_percent,93,6,9,205,81,big,1.5,1.3,2.8,0.132,-2.3,0.1,-2.2,-0.1,FALSE
31121,2023,3914,Wesley Matthews,SG,MIL,52,820,1,54,41,3,0,wing_small_percent,95,6,4,220,76,wing,0.3,0.9,1.2,0.073,-3.5,0.8,-2.7,-0.1,FALSE
31123,2023,4140,Will Barton,SG,WAS,40,782,3,72,24,1,0,wing_small_percent,96,6,6,181,78,wing,-0.4,0.6,0.2,0.013,-1.7,-0.9,-2.7,-0.1,FALSE
31124,2023,4140,Will Barton,SG,TOR,16,211,51,48,2,0,0,guard_percent,99,6,6,181,78,guard,0,0.2,0.2,0.051,-2.9,0.5,-2.5,0,FALSE
31125,2023,4460,Willy Hernangómez,C,NOP,38,458,0,0,0,0,100,big_percent,100,6,11,250,83,big,0.8,0.8,1.6,0.171,-0.2,0.5,0.3,0.3,FALSE
31126,2023,5108,Xavier Cooks,PF,WAS,10,126,0,0,9,91,0,wing_big_percent,100,6,8,183,80,wing,0.1,0.2,0.2,0.094,-3.2,-0.5,-3.7,-0.1,FALSE
31128,2023,5021,Xavier Sneed,SF,CHO,4,48,0,19,58,24,0,wing_big_percent,82,NA,NA,NA,NA,wing,0.1,0,0.1,0.086,-3.1,-0.4,-3.6,0,FALSE
31129,2023,4897,Xavier Tillman Sr.,PF,MEM,61,1180,0,0,2,81,17,big_percent,98,6,8,245,80,big,2.3,1.9,4.2,0.171,0.3,1.7,1.9,1.2,FALSE
31130,2023,4684,Yuta Watanabe,SF,BRK,58,928,0,4,31,58,8,wing_big_percent,89,6,9,215,81,wing,1.3,0.9,2.1,0.111,-0.4,-0.2,-0.6,0.3,FALSE
31131,2023,4580,Zach Collins,C,SAS,63,1441,0,0,0,2,99,big_percent,101,6,11,250,83,big,1.2,1,2.2,0.074,-0.5,0.3,-0.2,0.6,FALSE
31132,2023,4299,Zach LaVine,SG,CHI,77,2768,23,42,30,4,0,wing_small_percent,72,6,5,200,77,wing,4.2,2.9,7.1,0.123,2.7,-0.7,1.9,2.7,TRUE
31133,2023,4898,Zeke Nnaji,PF,DEN,53,728,0,0,0,23,77,big_percent,100,6,9,240,81,big,0.9,0.7,1.6,0.106,-2.7,-0.9,-3.7,-0.3,FALSE
31134,2023,5024,Ziaire Williams,SF,MEM,37,561,1,13,77,9,0,wing_small_percent,90,6,8,215,80,wing,-0.5,0.6,0.1,0.011,-4.7,-0.8,-5.6,-0.5,FALSE
31135,2023,4803,Zion Williamson,PF,NOP,29,956,0,0,0,59,41,big_percent,100,6,6,284,78,big,2.3,1.2,3.6,0.18,4.8,1,5.8,1.9,TRUE
