seas_id,season,player_id,player,pos,tm,g,mp,pg_percent,sg_percent,sf_percent,pf_percent,c_percent,name,value,ht_ft,ht_in,wt,full_in_ht
29648,2022,4219,Aaron Gordon,PF,DEN,56,1770,0,0,48,48,3,big_wing_percent,96,6,8,235,80
29649,2022,4899,Aaron Henry,SF,PHI,6,17,0,11,69,21,0,big_wing_percent,90,NA,NA,NA,NA
29651,2022,4582,Aaron Holiday,PG,WAS,41,663,100,0,0,0,0,guard_percent,100,6,0,185,72
29652,2022,4582,Aaron Holiday,PG,PHO,5,86,90,10,0,0,0,guard_percent,100,6,0,185,72
29653,2022,4805,Aaron Nesmith,SF,BOS,43,451,1,28,63,9,0,small_wing_percent,91,6,5,215,77
29654,2022,4900,Aaron Wiggins,SG,OKC,37,824,8,68,23,1,0,small_wing_percent,91,6,6,200,78
29655,2022,4463,Abdel Nader,SF,PHO,14,145,0,13,86,1,0,small_wing_percent,99,NA,NA,NA,NA
29656,2022,4901,Ade Murkey,SG,SAC,1,1,0,0,100,0,0,small_wing_percent,100,NA,NA,NA,NA
29656,2022,4901,Ade Murkey,SG,SAC,1,1,0,0,100,0,0,big_wing_percent,100,NA,NA,NA,NA
29657,2022,4688,Admiral Schofield,SF,ORL,26,275,0,7,54,38,1,big_wing_percent,92,6,5,241,77
29658,2022,4902,Ahmad Caver,PG,IND,1,1,100,0,0,0,0,guard_percent,100,NA,NA,NA,NA
29659,2022,3734,Al Horford,C,BOS,53,1510,0,0,0,1,99,big_percent,100,6,9,240,81
29660,2022,3982,Alec Burks,SG,NYK,60,1612,25,37,38,0,0,small_wing_percent,75,6,6,214,78
29661,2022,4903,Aleem Ford,SF,ORL,5,74,0,11,44,33,11,big_wing_percent,77,NA,NA,NA,NA
29662,2022,4806,Aleksej Pokusevski,PF,OKC,45,760,0,0,1,63,37,big_percent,100,7,0,190,84
29663,2022,4465,Alex Caruso,SG,CHI,28,775,27,69,5,0,0,guard_percent,96,6,4,186,76
29664,2022,4142,Alex Len,C,SAC,34,562,0,0,0,0,100,big_percent,100,7,0,250,84
29665,2022,4466,Alfonzo McKinnie,SF,CHI,17,206,0,6,47,47,0,big_wing_percent,94,NA,NA,NA,NA
29667,2022,4583,Alize Johnson,PF,CHI,16,121,0,0,4,20,76,big_percent,96,6,7,212,79
29668,2022,4583,Alize Johnson,PF,WAS,3,18,0,0,39,61,0,big_wing_percent,100,6,7,212,79
29669,2022,4904,Alperen Şengün,C,HOU,52,972,0,0,0,26,74,big_percent,100,6,9,235,81
29670,2022,4690,Amir Coffey,SG,LAC,50,1114,1,48,45,6,0,small_wing_percent,93,6,7,210,79
29672,2022,4064,Andre Drummond,C,PHI,49,902,0,0,0,1,99,big_percent,100,6,10,279,82
29673,2022,4064,Andre Drummond,C,BRK,6,130,0,0,0,0,100,big_percent,100,6,10,279,82
29674,2022,3500,Andre Iguodala,SF,GSW,26,518,0,10,65,23,2,big_wing_percent,88,6,6,215,78
29675,2022,4223,Andrew Wiggins,SF,GSW,56,1773,0,1,63,33,2,big_wing_percent,96,6,7,197,79
29676,2022,4586,Anfernee Simons,SG,POR,55,1613,68,32,0,0,0,guard_percent,100,6,3,181,75
29677,2022,4066,Anthony Davis,C,LAL,37,1297,0,0,0,22,78,big_percent,100,6,10,253,82
29678,2022,4808,Anthony Edwards,SG,MIN,56,1935,2,31,64,3,0,small_wing_percent,95,6,4,225,76
29679,2022,4809,Anthony Gill,PF,WAS,27,234,0,0,15,71,14,big_wing_percent,86,6,7,230,79
29680,2022,4810,Anthony Lamb,SF,SAS,2,8,0,0,50,50,0,big_wing_percent,100,NA,NA,NA,NA
29681,2022,4811,Armoni Brooks,SG,HOU,41,690,58,39,3,0,0,guard_percent,97,6,3,195,75
29682,2022,4905,Arnoldas Kulboka,SF,CHO,1,3,0,0,0,100,0,big_wing_percent,100,6,9,198,81
29682,2022,4905,Arnoldas Kulboka,SF,CHO,1,3,0,0,0,100,0,big_percent,100,6,9,198,81
29683,2022,4906,Austin Reaves,SG,LAL,41,886,7,56,36,2,0,small_wing_percent,92,6,5,206,77
29684,2022,4069,Austin Rivers,SG,DEN,47,996,1,54,44,1,0,small_wing_percent,98,6,4,200,76
29685,2022,3918,Avery Bradley,SG,LAL,49,1165,19,81,0,0,0,guard_percent,100,6,3,180,75
29686,2022,4907,Ayo Dosunmu,SG,CHI,57,1491,20,65,15,0,0,guard_percent,85,6,5,200,77
29687,2022,4588,B.J. Johnson,SF,ORL,4,65,1,49,50,0,0,small_wing_percent,99,NA,NA,NA,NA
29688,2022,4472,Bam Adebayo,C,MIA,37,1232,0,0,0,2,98,big_percent,100,6,9,255,81
29689,2022,4148,Ben McLemore,SG,POR,44,824,6,75,20,0,0,small_wing_percent,95,6,3,195,75
29690,2022,3984,Bismack Biyombo,C,PHO,18,311,0,0,0,1,99,big_percent,100,6,8,255,80
29691,2022,3920,Blake Griffin,PF,BRK,50,889,0,0,9,52,39,big_percent,91,6,9,250,81
29692,2022,4306,Boban Marjanović,C,DAL,17,98,0,0,0,0,100,big_percent,100,7,3,290,87
29693,2022,4307,Bobby Portis,C,MIL,53,1526,0,0,0,2,98,big_percent,100,6,10,250,82
29694,2022,4475,Bogdan Bogdanović,SG,ATL,42,1216,0,44,55,0,0,small_wing_percent,99,6,6,220,78
29695,2022,4224,Bojan Bogdanović,PF,UTA,58,1797,0,0,5,94,1,big_wing_percent,99,6,7,226,79
29696,2022,4692,Bol Bol,PF,DEN,14,81,0,0,0,14,86,big_percent,100,7,2,220,86
29697,2022,4908,Bones Hyland,PG,DEN,49,864,39,60,1,0,0,guard_percent,99,6,3,173,75
29699,2022,4591,Brad Wanamaker,PG,IND,22,293,92,9,0,0,0,guard_percent,101,NA,NA,NA,NA
29700,2022,4591,Brad Wanamaker,PG,WAS,1,27,100,0,0,0,0,guard_percent,100,NA,NA,NA,NA
29701,2022,4072,Bradley Beal,SG,WAS,40,1439,16,83,1,0,0,guard_percent,99,6,4,207,76
29702,2022,4909,Brandon Boston Jr.,SG,LAC,42,625,8,38,52,3,0,small_wing_percent,90,6,7,185,79
29703,2022,4693,Brandon Clarke,PF,MEM,48,917,0,0,22,78,0,big_wing_percent,100,6,8,215,80
29704,2022,4592,Brandon Goodwin,PG,CLE,19,351,100,0,0,0,0,guard_percent,100,6,0,180,72
29705,2022,4379,Brandon Ingram,SF,NOP,47,1610,0,15,67,19,0,big_wing_percent,86,6,8,190,80
29706,2022,3985,Brandon Knight,PG,DAL,3,54,49,51,0,0,0,guard_percent,100,NA,NA,NA,NA
29707,2022,4910,Brandon Williams,PG,POR,4,55,100,0,0,0,0,guard_percent,100,6,2,190,74
29708,2022,4911,Braxton Key,SF,PHI,2,6,0,0,0,100,0,big_wing_percent,100,NA,NA,NA,NA
29708,2022,4911,Braxton Key,SF,PHI,2,6,0,0,0,100,0,big_percent,100,NA,NA,NA,NA
29709,2022,4813,Brodric Thomas,SG,BOS,9,44,48,52,0,0,0,guard_percent,100,6,5,185,77
29710,2022,3801,Brook Lopez,C,MIL,1,28,0,0,0,0,100,big_percent,100,7,0,282,84
29711,2022,4594,Bruce Brown,SF,BRK,53,1154,0,29,61,11,0,small_wing_percent,90,6,4,202,76
29713,2022,4695,Bruno Fernando,C,BOS,20,58,0,0,0,12,88,big_percent,100,6,9,240,81
29714,2022,4695,Bruno Fernando,C,HOU,2,13,0,0,0,0,100,big_percent,100,6,9,240,81
29716,2022,4381,Bryn Forbes,SG,SAS,40,676,28,70,2,0,0,guard_percent,98,6,2,205,74
29717,2022,4381,Bryn Forbes,SG,DEN,18,365,1,86,13,0,0,small_wing_percent,99,6,2,205,74
29719,2022,4382,Buddy Hield,SG,SAC,55,1574,0,31,66,3,0,small_wing_percent,97,6,4,220,76
29720,2022,4382,Buddy Hield,SG,IND,7,271,2,71,28,0,0,small_wing_percent,99,6,4,220,76
29721,2022,3582,C.J. Miles,SG,BOS,1,2,0,100,0,0,0,guard_percent,100,NA,NA,NA,NA
29721,2022,3582,C.J. Miles,SG,BOS,1,2,0,100,0,0,0,small_wing_percent,100,NA,NA,NA,NA
29722,2022,4912,Cade Cunningham,PG,DET,47,1491,2,83,15,0,0,small_wing_percent,98,6,6,220,78
29723,2022,4696,Caleb Martin,SF,MIA,47,1079,0,18,59,23,0,big_wing_percent,82,6,5,205,77
29725,2022,4697,Cam Reddish,SF,ATL,34,797,0,1,80,19,0,big_wing_percent,99,6,8,218,80
29726,2022,4697,Cam Reddish,SF,NYK,11,137,0,0,99,1,0,big_wing_percent,100,6,8,218,80
29727,2022,4913,Cam Thomas,SG,BRK,51,1008,1,53,44,3,0,small_wing_percent,97,6,4,210,76
29728,2022,4698,Cameron Johnson,PF,PHO,58,1526,0,0,3,90,6,big_percent,96,6,8,210,80
29729,2022,4914,Cameron McGriff,SF,POR,3,46,0,0,14,78,8,big_wing_percent,92,NA,NA,NA,NA
29730,2022,4814,Cameron Oliver,SF,ATL,2,43,0,0,0,38,62,big_percent,100,NA,NA,NA,NA
29731,2022,4311,Cameron Payne,PG,PHO,40,815,74,26,0,0,0,guard_percent,100,6,1,183,73
29733,2022,4383,Caris LeVert,SG,IND,39,1214,8,60,31,0,0,small_wing_percent,91,6,6,205,78
29734,2022,4383,Caris LeVert,SG,CLE,4,124,20,76,4,0,0,guard_percent,96,6,6,205,78
29736,2022,4915,Carlik Jones,PG,DAL,3,19,100,0,0,0,0,guard_percent,100,NA,NA,NA,NA
29737,2022,4915,Carlik Jones,PG,DEN,2,4,100,0,0,0,0,guard_percent,100,NA,NA,NA,NA
29738,2022,3435,Carmelo Anthony,PF,LAL,52,1385,0,0,0,64,36,big_percent,100,6,7,238,79
29739,2022,4815,Cassius Stanley,SG,DET,9,155,5,49,46,0,0,small_wing_percent,95,NA,NA,NA,NA
29740,2022,4816,Cassius Winston,PG,WAS,5,27,53,47,0,0,0,guard_percent,100,6,1,185,73
29741,2022,4916,Cat Barber,PG,ATL,3,13,100,0,0,0,0,guard_percent,100,NA,NA,NA,NA
29742,2022,4479,Cedi Osman,SF,CLE,49,1134,0,30,60,9,0,small_wing_percent,90,6,7,230,79
29743,2022,4596,Chandler Hutchison,SF,PHO,6,22,0,16,54,30,0,big_wing_percent,84,NA,NA,NA,NA
29744,2022,4917,Charles Bassey,PF,PHI,23,168,0,0,0,20,80,big_percent,100,6,11,235,83
29746,2022,4700,Charlie Brown,SG,DAL,3,15,0,35,51,14,0,small_wing_percent,86,NA,NA,NA,NA
29747,2022,4700,Charlie Brown,SG,PHI,16,157,5,61,34,0,0,small_wing_percent,95,NA,NA,NA,NA
29749,2022,4918,Chaundee Brown Jr.,SF,LAL,2,21,0,4,71,25,0,big_wing_percent,96,NA,NA,NA,NA
29750,2022,4918,Chaundee Brown Jr.,SG,ATL,3,83,1,41,59,0,0,small_wing_percent,100,NA,NA,NA,NA
29751,2022,4385,Cheick Diallo,C,DET,3,31,0,0,0,0,100,big_percent,100,NA,NA,NA,NA
29752,2022,4597,Chimezie Metu,C,SAC,42,931,0,0,0,74,26,big_percent,100,6,9,225,81
29753,2022,4481,Chris Boucher,PF,TOR,58,1169,0,11,49,37,4,big_wing_percent,86,6,9,200,81
29754,2022,4598,Chris Chiozza,PG,GSW,26,279,100,0,0,0,0,guard_percent,100,5,11,175,71
29755,2022,4919,Chris Duarte,SG,IND,52,1474,25,64,12,0,0,guard_percent,89,6,6,190,78
29756,2022,3585,Chris Paul,PG,PHO,58,1916,100,0,0,0,0,guard_percent,100,6,0,175,72
29758,2022,4702,Chris Silva,PF,MIN,1,3,0,0,0,0,100,big_percent,100,NA,NA,NA,NA
29759,2022,4702,Chris Silva,PF,MIA,9,88,0,0,0,19,81,big_percent,100,NA,NA,NA,NA
29760,2022,4313,Christian Wood,C,HOU,56,1728,0,0,0,0,100,big_percent,100,6,10,214,82
29761,2022,4817,Chuma Okeke,PF,ORL,51,1226,0,0,6,89,5,big_wing_percent,95,6,6,229,78
29762,2022,4818,CJ Elleby,SF,POR,37,578,0,8,74,18,0,big_wing_percent,92,6,6,200,78
29764,2022,4154,CJ McCollum,SG,POR,36,1267,4,90,7,0,0,small_wing_percent,97,6,3,190,75
29765,2022,4154,CJ McCollum,SG,NOP,7,252,41,57,2,0,0,guard_percent,98,6,3,190,75
29766,2022,4230,Clint Capela,C,ATL,52,1449,0,0,0,0,100,big_percent,100,6,10,240,82
29767,2022,4703,Coby White,PG,CHI,42,1187,99,1,0,0,0,guard_percent,100,6,5,195,77
29768,2022,4704,Cody Martin,SF,CHO,52,1396,8,65,26,1,0,small_wing_percent,91,6,5,205,77
29769,2022,4155,Cody Zeller,C,POR,27,355,0,0,0,0,100,big_percent,100,NA,NA,NA,NA
29770,2022,4819,Cole Anthony,PG,ORL,48,1575,99,1,0,0,0,guard_percent,100,6,2,185,74
29771,2022,4599,Collin Sexton,SG,CLE,11,316,8,86,6,0,0,guard_percent,94,6,1,190,73
29772,2022,4920,Corey Kispert,SF,WAS,55,1117,1,35,61,3,0,small_wing_percent,96,6,7,220,79
29773,2022,3992,Cory Joseph,PG,DET,50,1227,94,6,0,0,0,guard_percent,100,6,3,200,75
29774,2022,4921,Craig Sword,SG,WAS,3,19,34,66,0,0,0,guard_percent,100,NA,NA,NA,NA
29775,2022,3805,D.J. Augustin,PG,HOU,34,510,100,0,0,0,0,guard_percent,100,5,11,183,71
29776,2022,4482,D.J. Wilson,PF,TOR,4,54,0,0,0,16,84,big_percent,100,NA,NA,NA,NA
29777,2022,4317,D'Angelo Russell,PG,MIN,48,1550,59,41,0,0,0,guard_percent,100,6,4,193,76
29778,2022,4922,Daishen Nix,SG,HOU,8,67,0,11,76,14,0,big_wing_percent,90,6,5,224,77
29779,2022,4820,Dakota Mathias,SG,MEM,6,16,80,20,0,0,0,guard_percent,100,NA,NA,NA,NA
29780,2022,4923,Dalano Banton,SF,TOR,50,583,4,33,52,10,1,small_wing_percent,85,6,9,204,81
29781,2022,4387,Damian Jones,C,SAC,40,601,0,0,0,0,100,big_percent,100,6,11,245,83
29782,2022,4077,Damian Lillard,PG,POR,29,1056,100,0,0,0,0,guard_percent,100,6,2,195,74
29783,2022,4484,Damion Lee,SG,GSW,49,989,3,70,27,1,0,small_wing_percent,97,6,5,210,77
29784,2022,4485,Damyean Dotson,SG,NYK,2,21,30,70,0,0,0,guard_percent,100,NA,NA,NA,NA
29785,2022,4705,Daniel Gafford,C,WAS,51,1054,0,0,0,0,100,big_percent,100,6,10,234,82
29786,2022,4821,Daniel Oturu,C,TOR,3,27,0,0,0,0,100,big_percent,100,NA,NA,NA,NA
29788,2022,4487,Daniel Theis,C,HOU,26,584,0,0,0,61,40,big_percent,101,6,8,245,80
29789,2022,4487,Daniel Theis,C,BOS,4,56,0,0,0,11,89,big_percent,100,6,8,245,80
29790,2022,3807,Danilo Gallinari,PF,ATL,49,1166,0,0,0,69,31,big_percent,100,6,10,233,82
29791,2022,3867,Danny Green,SF,PHI,42,957,0,5,83,12,0,big_wing_percent,95,6,6,215,78
29793,2022,4389,Danuel House,SF,HOU,16,233,0,0,11,88,1,big_wing_percent,99,NA,NA,NA,NA
29794,2022,4389,Danuel House,SF,NYK,1,3,0,0,100,0,0,small_wing_percent,100,NA,NA,NA,NA
29794,2022,4389,Danuel House,SF,NYK,1,3,0,0,100,0,0,big_wing_percent,100,NA,NA,NA,NA
29795,2022,4389,Danuel House,SF,UTA,11,204,0,4,82,14,0,big_wing_percent,96,NA,NA,NA,NA
29796,2022,4706,DaQuan Jeffries,SG,MEM,3,9,0,10,53,37,0,big_wing_percent,90,NA,NA,NA,NA
29797,2022,4707,Darius Bazley,PF,OKC,56,1537,0,0,11,81,8,big_wing_percent,92,6,8,208,80
29798,2022,4708,Darius Garland,PG,CLE,47,1626,96,5,0,0,0,guard_percent,101,6,1,192,73
29799,2022,3869,Darren Collison,PG,LAL,3,37,100,0,0,0,0,guard_percent,100,NA,NA,NA,NA
29800,2022,4924,David Duke Jr.,PG,BRK,21,340,19,78,3,0,0,guard_percent,97,6,5,205,77
29801,2022,4925,David Johnson,SG,TOR,2,2,0,100,0,0,0,guard_percent,100,6,5,210,77
29801,2022,4925,David Johnson,SG,TOR,2,2,0,100,0,0,0,small_wing_percent,100,6,5,210,77
29802,2022,4391,David Nwaba,SF,HOU,38,525,0,3,50,43,4,big_wing_percent,93,6,5,219,77
29803,2022,4926,Davion Mitchell,PG,SAC,56,1439,61,39,0,0,0,guard_percent,100,6,2,205,74
29805,2022,4392,Dāvis Bertāns,PF,WAS,34,501,0,0,0,81,20,big_percent,101,6,10,225,82
29806,2022,4392,Dāvis Bertāns,PF,DAL,4,70,0,0,0,89,12,big_percent,101,6,10,225,82
29807,2022,4488,Davon Reed,SG,DEN,31,406,0,14,65,21,0,big_wing_percent,86,6,5,208,77
29808,2022,4927,Day'Ron Sharpe,PF,BRK,32,391,0,0,0,5,96,big_percent,101,6,11,265,83
29809,2022,4489,De'Aaron Fox,PG,SAC,51,1769,100,0,0,0,0,guard_percent,100,6,3,185,75
29810,2022,4709,De'Andre Hunter,SF,ATL,32,924,0,0,79,21,0,big_wing_percent,100,6,8,225,80
29811,2022,4602,De'Anthony Melton,SG,MEM,54,1225,15,82,2,0,0,guard_percent,97,6,2,200,74
29812,2022,4710,Dean Wade,PF,CLE,46,877,0,1,60,36,3,big_wing_percent,96,6,9,228,81
29813,2022,4603,Deandre Ayton,C,PHO,40,1172,0,0,0,0,100,big_percent,100,6,11,250,83
29814,2022,3810,DeAndre Jordan,C,LAL,32,408,0,0,0,0,100,big_percent,100,6,11,265,83
29816,2022,4393,DeAndre' Bembry,SF,BRK,48,949,0,15,65,20,0,big_wing_percent,85,6,5,210,77
29817,2022,4393,DeAndre' Bembry,SF,MIL,2,30,0,9,90,1,0,small_wing_percent,99,6,5,210,77
29818,2022,4822,Deividas Sirvydis,SG,DET,3,27,0,3,69,28,0,big_wing_percent,97,NA,NA,NA,NA
29819,2022,4928,DeJon Jarreau,SG,IND,1,1,0,100,0,0,0,guard_percent,100,NA,NA,NA,NA
29819,2022,4928,DeJon Jarreau,SG,IND,1,1,0,100,0,0,0,small_wing_percent,100,NA,NA,NA,NA
29820,2022,4394,Dejounte Murray,PG,SAS,54,1868,95,5,0,0,0,guard_percent,100,6,4,180,76
29821,2022,4320,Delon Wright,SG,ATL,55,994,38,61,1,0,0,guard_percent,99,6,5,185,77
29822,2022,3872,DeMar DeRozan,PF,CHI,58,2073,0,0,6,85,9,big_percent,94,6,6,220,78
29824,2022,3926,DeMarcus Cousins,C,MIL,17,287,0,0,0,0,100,big_percent,100,6,10,270,82
29825,2022,3926,DeMarcus Cousins,C,DEN,10,136,0,0,0,0,100,big_percent,100,6,10,270,82
29826,2022,4823,Deni Avdija,SF,WAS,60,1419,0,7,63,30,0,big_wing_percent,93,6,9,210,81
29828,2022,4157,Dennis Schröder,SG,BOS,49,1433,48,51,0,0,0,guard_percent,99,6,3,172,75
29829,2022,4157,Dennis Schröder,PG,HOU,5,152,100,0,0,0,0,guard_percent,100,6,3,172,75
29830,2022,4490,Dennis Smith Jr.,PG,POR,37,638,95,5,0,0,0,guard_percent,100,NA,NA,NA,NA
29832,2022,4396,Denzel Valentine,SG,CLE,22,204,5,71,25,0,0,small_wing_percent,96,NA,NA,NA,NA
29833,2022,4396,Denzel Valentine,SG,UTA,2,18,0,0,100,0,0,small_wing_percent,100,NA,NA,NA,NA
29833,2022,4396,Denzel Valentine,SG,UTA,2,18,0,0,100,0,0,big_wing_percent,100,NA,NA,NA,NA
29834,2022,3928,Derrick Favors,C,OKC,39,653,0,0,0,0,100,big_percent,100,6,9,265,81
29835,2022,4397,Derrick Jones Jr.,PF,CHI,37,654,0,0,40,48,11,big_wing_percent,88,6,5,210,77
29836,2022,3812,Derrick Rose,PG,NYK,26,636,100,0,0,0,0,guard_percent,100,6,2,200,74
29837,2022,4491,Derrick Walton,PG,DET,3,108,100,0,0,0,0,guard_percent,100,NA,NA,NA,NA
29839,2022,4492,Derrick White,SG,SAS,49,1486,16,78,6,0,0,guard_percent,94,6,4,190,76
29840,2022,4492,Derrick White,SG,BOS,7,183,29,69,1,0,0,guard_percent,98,6,4,190,76
29841,2022,4824,Desmond Bane,SF,MEM,59,1777,0,53,46,1,0,small_wing_percent,99,6,5,215,77
29842,2022,4321,Devin Booker,SG,PHO,54,1856,5,81,14,0,0,small_wing_percent,95,6,5,206,77
29843,2022,4826,Devin Vassell,SF,SAS,54,1414,0,19,67,15,0,small_wing_percent,86,6,5,200,77
29844,2022,4827,Devon Dotson,PG,CHI,11,85,100,0,0,0,0,guard_percent,100,NA,NA,NA,NA
29845,2022,4712,Devontae Cacok,PF,SAS,11,92,0,0,0,93,7,big_percent,100,6,7,240,79
29846,2022,4607,Devonte' Graham,PG,NOP,57,1735,98,2,0,0,0,guard_percent,100,6,1,195,73
29847,2022,4158,Dewayne Dedmon,C,MIA,52,848,0,0,0,0,100,big_percent,100,7,0,245,84
29848,2022,4828,Didi Louzada,SF,NOP,2,7,0,0,0,100,0,big_wing_percent,100,6,5,188,77
29848,2022,4828,Didi Louzada,SF,NOP,2,7,0,0,0,100,0,big_percent,100,6,5,188,77
29849,2022,4494,Dillon Brooks,SF,MEM,21,587,0,12,83,4,0,small_wing_percent,95,6,7,225,79
29851,2022,4400,Domantas Sabonis,C,IND,47,1632,0,0,0,51,49,big_percent,100,6,11,240,83
29852,2022,4400,Domantas Sabonis,PF,SAC,7,231,0,0,0,16,84,big_percent,100,6,11,240,83
29853,2022,4495,Donovan Mitchell,SG,UTA,48,1608,47,53,0,0,0,guard_percent,100,6,1,215,73
29855,2022,4608,Donte DiVincenzo,SG,MIL,17,341,15,76,9,0,0,guard_percent,91,6,4,203,76
29856,2022,4608,Donte DiVincenzo,SG,SAC,6,137,5,59,35,0,0,small_wing_percent,94,6,4,203,76
29857,2022,4401,Dorian Finney-Smith,PF,DAL,60,1970,0,0,41,58,1,big_wing_percent,99,6,7,220,79
29858,2022,4237,Doug McDermott,PF,SAS,46,1127,0,0,0,97,3,big_percent,100,6,7,225,79
29859,2022,4085,Draymond Green,PF,GSW,34,1018,0,0,5,79,16,big_percent,95,6,6,230,78
29861,2022,4610,Drew Eubanks,C,SAS,49,595,0,0,0,6,94,big_percent,100,6,9,245,81
29862,2022,4610,Drew Eubanks,C,POR,2,50,0,0,0,0,100,big_percent,100,6,9,245,81
29863,2022,4929,Duane Washington Jr.,PG,IND,31,603,62,38,0,0,0,guard_percent,100,6,3,210,75
29864,2022,4611,Duncan Robinson,SG,MIA,59,1592,2,62,35,1,0,small_wing_percent,97,6,7,215,79
29865,2022,3520,Dwight Howard,C,LAL,44,654,0,0,0,0,100,big_percent,100,6,10,265,82
29866,2022,4239,Dwight Powell,C,DAL,61,1258,0,0,0,0,100,big_percent,100,6,10,240,82
29867,2022,4829,Dylan Windler,SF,CLE,37,344,0,63,36,2,0,small_wing_percent,99,6,6,196,78
29868,2022,3932,Ed Davis,C,CLE,19,142,0,0,0,5,95,big_percent,100,6,9,218,81
29869,2022,4240,Elfrid Payton,PG,PHO,39,457,50,47,3,0,0,guard_percent,97,6,3,195,75
29871,2022,4831,Elijah Hughes,SF,UTA,14,112,0,32,57,11,0,small_wing_percent,89,6,5,215,77
29872,2022,4831,Elijah Hughes,SG,POR,5,62,3,65,32,0,0,small_wing_percent,97,6,5,215,77
29873,2022,4615,Emanuel Terry,PF,PHO,3,18,0,0,0,8,93,big_percent,101,6,9,220,81
29874,2022,4324,Emmanuel Mudiay,PG,SAC,2,11,100,0,0,0,0,guard_percent,100,NA,NA,NA,NA
29875,2022,4006,Enes Kanter,C,BOS,35,411,0,0,0,0,100,big_percent,100,NA,NA,NA,NA
29876,2022,3934,Eric Bledsoe,PG,LAC,54,1361,100,0,0,0,0,guard_percent,100,6,1,214,73
29877,2022,3815,Eric Gordon,SG,HOU,49,1454,16,52,33,0,0,small_wing_percent,85,6,3,215,75
29878,2022,4716,Eric Paschall,PF,UTA,45,591,0,0,3,81,16,big_percent,97,6,6,255,78
29879,2022,4930,Eugene Omoruyi,SF,DAL,4,18,0,0,0,100,0,big_wing_percent,100,NA,NA,NA,NA
29879,2022,4930,Eugene Omoruyi,SF,DAL,4,18,0,0,0,100,0,big_percent,100,NA,NA,NA,NA
29880,2022,4086,Evan Fournier,SG,NYK,59,1754,0,70,30,0,0,small_wing_percent,100,6,7,205,79
29881,2022,4931,Evan Mobley,PF,CLE,53,1809,0,0,33,36,31,big_wing_percent,69,7,0,215,84
29882,2022,4832,Facundo Campazzo,PG,DEN,56,1122,100,0,0,0,0,guard_percent,100,5,10,195,70
29883,2022,4616,Frank Jackson,PG,DET,43,968,40,59,1,0,0,guard_percent,99,6,3,205,75
29884,2022,4325,Frank Kaminsky,C,PHO,9,181,0,0,0,0,100,big_percent,100,7,0,240,84
29885,2022,4500,Frank Ntilikina,PG,DAL,47,589,18,79,3,0,0,guard_percent,97,6,4,200,76
29886,2022,4932,Franz Wagner,SF,ORL,62,1975,0,1,70,29,1,big_wing_percent,99,6,9,225,81
29887,2022,4403,Fred VanVleet,PG,TOR,52,1984,97,3,0,0,0,guard_percent,100,6,1,197,73
29888,2022,4833,Freddie Gillespie,PF,ORL,9,119,0,0,0,28,72,big_percent,100,NA,NA,NA,NA
29889,2022,4501,Furkan Korkmaz,SG,PHI,53,1253,1,26,68,5,0,small_wing_percent,94,6,7,202,79
29890,2022,4717,Gabe Vincent,PG,MIA,53,1286,66,34,0,0,0,guard_percent,100,6,3,200,75
29891,2022,4834,Gabriel Deck,PF,OKC,7,56,0,0,14,72,14,big_wing_percent,86,6,8,232,80
29891,2022,4834,Gabriel Deck,PF,OKC,7,56,0,0,14,72,14,big_percent,86,6,8,232,80
29892,2022,3877,Garrett Temple,SG,NOP,55,1054,18,80,3,0,0,guard_percent,98,6,5,195,77
29893,2022,4718,Garrison Mathews,SG,HOU,43,1173,0,14,85,1,0,small_wing_percent,99,6,5,215,77
29894,2022,4617,Gary Clark,PF,NOP,29,300,0,0,34,66,1,big_wing_percent,100,6,6,225,78
29895,2022,4245,Gary Harris,SG,ORL,54,1577,4,83,14,0,0,small_wing_percent,97,6,4,210,76
29896,2022,4404,Gary Payton II,PG,GSW,58,974,36,64,0,0,0,guard_percent,100,6,3,190,75
29897,2022,4618,Gary Trent Jr.,SG,TOR,51,1765,16,83,1,0,0,guard_percent,99,6,5,209,77
29898,2022,3816,George Hill,SG,MIL,41,1044,60,39,1,0,0,guard_percent,99,6,4,188,76
29899,2022,4619,George King,SF,DAL,4,19,0,0,26,74,0,big_wing_percent,100,NA,NA,NA,NA
29900,2022,4405,Georges Niang,PF,PHI,56,1296,0,0,33,65,3,big_wing_percent,98,6,7,230,79
29901,2022,4933,Georgios Kalaitzakis,SF,MIL,9,48,0,15,68,15,2,small_wing_percent,83,NA,NA,NA,NA
29901,2022,4933,Georgios Kalaitzakis,SF,MIL,9,48,0,15,68,15,2,big_wing_percent,83,NA,NA,NA,NA
29902,2022,4164,Giannis Antetokounmpo,PF,MIL,51,1668,0,0,0,57,43,big_percent,100,6,11,242,83
29903,2022,4719,Goga Bitadze,C,IND,38,451,0,0,0,0,100,big_percent,100,6,11,250,83
29905,2022,3817,Goran Dragić,PG,TOR,5,90,61,39,0,0,0,guard_percent,100,6,3,190,75
29906,2022,3817,Goran Dragić,PG,BRK,2,31,60,29,12,0,0,guard_percent,89,6,3,190,75
29907,2022,3941,Gordon Hayward,SF,CHO,48,1547,0,3,78,19,0,big_wing_percent,97,6,7,225,79
29908,2022,4167,Gorgui Dieng,C,ATL,38,334,0,0,0,0,100,big_percent,100,6,10,252,82
29909,2022,4720,Grant Williams,PF,BOS,58,1367,0,0,3,94,4,big_percent,98,6,6,236,78
29910,2022,4620,Grayson Allen,SG,MIL,51,1411,8,82,11,0,0,small_wing_percent,93,6,4,198,76
29911,2022,4934,Greg Brown III,SF,POR,30,267,0,0,0,86,14,big_percent,100,6,9,205,81
29913,2022,3942,Greg Monroe,C,MIN,3,63,0,0,0,0,100,big_percent,100,NA,NA,NA,NA
29914,2022,3942,Greg Monroe,C,WAS,2,18,0,0,0,0,100,big_percent,100,NA,NA,NA,NA
29915,2022,3942,Greg Monroe,C,MIL,5,70,0,0,0,0,100,big_percent,100,NA,NA,NA,NA
29916,2022,4621,Hamidou Diallo,SG,DET,54,1207,0,17,79,4,0,small_wing_percent,96,6,5,202,77
29917,2022,4089,Harrison Barnes,PF,SAC,58,1958,0,0,40,59,1,big_wing_percent,99,6,8,225,80
29918,2022,3945,Hassan Whiteside,C,UTA,48,884,0,0,0,0,100,big_percent,100,7,0,265,84
29919,2022,4935,Hassani Gravett,PG,ORL,8,171,87,13,0,0,0,guard_percent,100,NA,NA,NA,NA
29920,2022,4623,Haywood Highsmith,SF,MIA,7,75,0,0,38,60,1,big_wing_percent,98,6,7,220,79
29921,2022,4936,Herbert Jones,PF,NOP,58,1740,0,0,8,89,2,big_wing_percent,97,6,8,210,80
29922,2022,4721,Ignas Brazdeikis,SF,ORL,29,254,4,28,49,19,0,small_wing_percent,77,6,6,221,78
29923,2022,4837,Immanuel Quickley,PG,NYK,57,1214,57,43,0,0,0,guard_percent,100,6,3,190,75
29924,2022,4624,Isaac Bonga,SF,TOR,13,66,3,49,44,4,0,small_wing_percent,93,6,8,180,80
29925,2022,4838,Isaac Okoro,SF,CLE,46,1333,1,77,21,1,0,small_wing_percent,98,6,5,225,77
29926,2022,4627,Isaiah Hartenstein,C,LAC,49,796,0,0,0,0,100,big_percent,100,7,0,250,84
29927,2022,4937,Isaiah Jackson,PF,IND,23,254,0,0,0,26,74,big_percent,100,6,10,206,82
29928,2022,4839,Isaiah Joe,SG,PHI,42,506,26,63,10,0,0,guard_percent,89,6,4,165,76
29929,2022,4938,Isaiah Livers,SF,DET,2,18,0,0,4,96,0,big_wing_percent,100,6,7,230,79
29930,2022,4722,Isaiah Roby,PF,OKC,25,406,0,0,5,39,56,big_percent,95,6,8,230,80
29931,2022,4840,Isaiah Stewart,C,DET,53,1377,0,0,0,2,98,big_percent,100,6,8,250,80
29933,2022,4012,Isaiah Thomas,PG,LAL,4,101,100,0,0,0,0,guard_percent,100,5,9,185,69
29934,2022,4012,Isaiah Thomas,PG,DAL,1,13,100,0,0,0,0,guard_percent,100,5,9,185,69
29935,2022,4939,Isaiah Todd,PF,WAS,10,41,0,0,11,47,42,big_percent,89,6,10,220,82
29937,2022,3946,Ish Smith,PG,CHO,37,511,100,0,0,0,0,guard_percent,100,6,0,175,72
29938,2022,3946,Ish Smith,PG,WAS,6,132,100,0,0,0,0,guard_percent,100,6,0,175,72
29939,2022,4940,Ish Wainright,PF,PHO,31,222,0,3,35,58,5,big_wing_percent,93,6,6,250,78
29940,2022,4410,Ivica Zubac,C,LAC,57,1385,0,0,0,0,100,big_percent,100,7,0,240,84
29941,2022,4723,Ja Morant,PG,MEM,49,1631,90,10,0,0,0,guard_percent,100,6,3,174,75
29942,2022,4249,Jabari Parker,PF,BOS,12,112,0,0,0,28,72,big_percent,100,NA,NA,NA,NA
29943,2022,4841,Jaden McDaniels,PF,MIN,59,1527,0,0,33,67,0,big_wing_percent,100,6,9,185,81
29944,2022,4941,Jaden Springer,SG,PHI,2,6,0,37,63,0,0,small_wing_percent,100,6,4,204,76
29945,2022,4091,Jae Crowder,PF,PHO,51,1443,0,0,18,81,0,big_wing_percent,99,6,6,235,78
29946,2022,4842,Jae'Sean Tate,SF,HOU,58,1595,0,1,42,57,0,big_wing_percent,99,6,4,230,76
29947,2022,4843,Jahmi'us Ramsey,SG,SAC,19,134,27,66,7,0,0,guard_percent,93,NA,NA,NA,NA
29948,2022,4942,Jaime Echenique,C,WAS,1,3,0,0,0,0,100,big_percent,100,NA,NA,NA,NA
29949,2022,4411,Jake Layman,SF,MIN,24,173,0,3,58,39,0,big_wing_percent,97,6,8,209,80
29950,2022,4412,Jakob Poeltl,C,SAS,51,1488,0,0,0,0,100,big_percent,100,7,1,245,85
29951,2022,4630,Jalen Brunson,PG,DAL,60,1928,95,5,0,0,0,guard_percent,100,6,1,190,73
29952,2022,4943,Jalen Green,SG,HOU,45,1376,25,75,0,0,0,guard_percent,100,6,4,178,76
29953,2022,4944,Jalen Johnson,PF,ATL,15,67,0,0,0,86,14,big_percent,100,6,9,220,81
29954,2022,4725,Jalen McDaniels,SF,CHO,39,685,0,0,29,68,3,big_wing_percent,97,6,9,205,81
29956,2022,4845,Jalen Smith,PF,PHO,29,382,0,0,0,29,71,big_percent,100,6,10,215,82
29957,2022,4845,Jalen Smith,PF,IND,7,164,0,0,0,22,78,big_percent,100,6,10,215,82
29958,2022,4945,Jalen Suggs,PG,ORL,41,1142,51,49,0,0,0,guard_percent,100,6,4,205,76
29959,2022,4946,James Bouknight,SG,CHO,28,296,30,57,13,0,0,guard_percent,87,6,5,190,77
29961,2022,4252,James Ennis,SF,BRK,2,14,0,0,11,89,0,big_wing_percent,100,NA,NA,NA,NA
29962,2022,4252,James Ennis,SF,LAC,2,28,0,0,42,58,0,big_wing_percent,100,NA,NA,NA,NA
29963,2022,4252,James Ennis,SF,DEN,3,14,0,0,31,69,0,big_wing_percent,100,NA,NA,NA,NA
29965,2022,3880,James Harden,PG,BRK,44,1627,29,56,15,0,0,guard_percent,85,6,5,220,77
29966,2022,3880,James Harden,SG,PHI,2,74,18,25,57,0,0,small_wing_percent,82,6,5,220,77
29967,2022,3881,James Johnson,PF,BRK,46,911,0,0,25,70,5,big_wing_percent,95,6,7,240,79
29968,2022,4947,Jamorko Pickett,PF,DET,6,47,0,0,0,75,26,big_percent,101,6,9,206,81
29969,2022,4255,JaMychal Green,PF,DEN,48,732,0,0,26,62,13,big_wing_percent,88,6,8,227,80
29970,2022,4948,JaQuori McLaughlin,PG,DAL,4,11,50,50,0,0,0,guard_percent,100,NA,NA,NA,NA
29971,2022,4949,Jared Butler,SG,UTA,28,213,37,60,3,0,0,guard_percent,97,6,3,195,75
29972,2022,4726,Jared Harper,PG,NOP,2,10,100,0,0,0,0,guard_percent,100,NA,NA,NA,NA
29973,2022,4632,Jaren Jackson Jr.,PF,MEM,62,1720,0,0,3,55,42,big_percent,97,6,11,242,83
29974,2022,4634,Jarred Vanderbilt,PF,MIN,57,1477,0,0,1,96,4,big_percent,100,6,9,214,81
29975,2022,4515,Jarrett Allen,C,CLE,53,1731,0,0,0,0,100,big_percent,100,6,11,243,83
29976,2022,4728,Jarrett Culver,SG,MEM,27,248,5,66,29,0,0,small_wing_percent,95,6,6,195,78
29977,2022,4950,Jarron Cumberland,SG,POR,3,12,33,39,28,0,0,guard_percent,72,NA,NA,NA,NA
29978,2022,3824,JaVale McGee,C,PHO,55,881,0,0,0,0,100,big_percent,100,7,0,270,84
29979,2022,4951,Javin DeLaurier,C,MIL,1,3,0,0,0,0,100,big_percent,100,NA,NA,NA,NA
29980,2022,4729,Javonte Green,SF,CHI,45,1094,1,59,39,2,0,small_wing_percent,98,6,4,205,76
29981,2022,4952,Javonte Smart,PG,MIL,13,160,77,24,0,0,0,guard_percent,101,6,4,205,76
29982,2022,4730,Jaxson Hayes,C,NOP,49,848,0,0,0,24,76,big_percent,100,6,11,220,83
29983,2022,4953,Jay Huff,C,LAL,4,20,0,0,0,0,100,big_percent,100,NA,NA,NA,NA
29984,2022,4847,Jay Scrubb,SG,LAC,18,121,25,60,16,0,0,guard_percent,85,6,5,220,77
29985,2022,4415,Jaylen Brown,SF,BOS,49,1679,0,42,49,10,0,small_wing_percent,91,6,6,223,78
29986,2022,4731,Jaylen Hoard,SF,OKC,1,2,0,0,0,100,0,big_wing_percent,100,NA,NA,NA,NA
29986,2022,4731,Jaylen Hoard,SF,OKC,1,2,0,0,0,100,0,big_percent,100,NA,NA,NA,NA
29987,2022,4517,Jaylen Morris,SG,SAS,3,16,59,41,0,0,0,guard_percent,100,NA,NA,NA,NA
29988,2022,4732,Jaylen Nowell,SG,MIN,43,629,17,59,24,0,0,small_wing_percent,83,6,4,201,76
29989,2022,4954,Jaysean Paige,PG,DET,1,7,0,100,0,0,0,guard_percent,100,NA,NA,NA,NA
29989,2022,4954,Jaysean Paige,PG,DET,1,7,0,100,0,0,0,small_wing_percent,100,NA,NA,NA,NA
29990,2022,4518,Jayson Tatum,SF,BOS,59,2128,0,0,62,38,0,big_wing_percent,100,6,8,210,80
29992,2022,4955,Jeff Dowtin,PG,GSW,4,28,100,0,0,0,0,guard_percent,100,NA,NA,NA,NA
29993,2022,4955,Jeff Dowtin,PG,MIL,1,3,100,0,0,0,0,guard_percent,100,NA,NA,NA,NA
29994,2022,3761,Jeff Green,C,DEN,57,1390,0,0,0,69,31,big_percent,100,6,8,235,80
29995,2022,4636,Jemerrio Jones,SF,LAL,2,15,0,0,19,81,0,big_wing_percent,100,NA,NA,NA,NA
29996,2022,4257,Jerami Grant,PF,DET,36,1158,0,0,2,94,4,big_percent,98,6,8,210,80
29997,2022,4956,Jeremiah Robinson-Earl,C,OKC,44,1014,0,0,0,18,82,big_percent,100,6,9,230,81
29999,2022,4096,Jeremy Lamb,SF,IND,39,613,0,35,57,7,1,small_wing_percent,92,6,5,180,77
30000,2022,4096,Jeremy Lamb,SG,SAC,4,99,0,60,41,0,0,small_wing_percent,101,6,5,180,77
30001,2022,4957,Jericho Sims,PF,NYK,20,153,0,0,0,3,97,big_percent,100,6,10,245,82
30003,2022,4638,Jevon Carter,PG,BRK,46,552,64,36,0,0,0,guard_percent,100,6,1,200,73
30004,2022,4638,Jevon Carter,PG,MIL,2,38,100,0,0,0,0,guard_percent,100,6,1,200,73
30005,2022,4023,Jimmy Butler,SF,MIA,43,1465,0,0,69,31,1,big_wing_percent,100,6,7,230,79
30006,2022,4958,Jock Landale,C,SAS,38,393,0,0,0,3,97,big_percent,100,6,11,256,83
30007,2022,4260,Joe Harris,SF,BRK,14,423,0,7,83,10,0,big_wing_percent,93,6,6,220,78
30008,2022,4261,Joe Ingles,SF,UTA,45,1122,0,0,91,9,0,big_wing_percent,100,6,8,220,80
30009,2022,3327,Joe Johnson,SG,BOS,1,2,0,0,100,0,0,small_wing_percent,100,NA,NA,NA,NA
30009,2022,3327,Joe Johnson,SG,BOS,1,2,0,0,100,0,0,big_wing_percent,100,NA,NA,NA,NA
30010,2022,4959,Joe Wieskamp,SG,SAS,17,95,3,9,88,0,0,small_wing_percent,97,6,6,212,78
30011,2022,4960,Joel Ayayi,SG,WAS,7,20,20,51,29,0,0,small_wing_percent,80,NA,NA,NA,NA
30012,2022,4417,Joel Embiid,C,PHI,48,1582,0,0,0,0,100,big_percent,100,7,0,280,84
30013,2022,4519,John Collins,PF,ATL,50,1564,0,0,0,94,6,big_percent,100,6,9,235,81
30014,2022,4734,John Konchar,SG,MEM,54,992,16,65,19,0,0,small_wing_percent,84,6,5,210,77
30015,2022,4961,Jon Teske,C,MEM,3,8,0,0,0,0,100,big_percent,100,NA,NA,NA,NA
30016,2022,4100,Jonas Valančiūnas,C,NOP,55,1719,0,0,0,0,100,big_percent,100,6,11,265,83
30017,2022,4962,Jonathan Kuminga,SF,GSW,49,724,0,0,14,57,29,big_percent,86,6,8,210,80
30018,2022,4523,Jordan Bell,C,CHI,1,2,0,0,0,0,100,big_percent,100,NA,NA,NA,NA
30019,2022,4265,Jordan Clarkson,SG,UTA,57,1500,1,92,8,0,0,small_wing_percent,100,6,4,194,76
30020,2022,4963,Jordan Goodwin,SG,WAS,2,6,48,52,0,0,0,guard_percent,100,NA,NA,NA,NA
30021,2022,4736,Jordan McLaughlin,PG,MIN,44,558,100,0,0,0,0,guard_percent,100,5,11,185,71
30022,2022,4849,Jordan Nwora,SF,MIL,48,930,0,1,40,49,10,big_wing_percent,89,6,8,225,80
30023,2022,4737,Jordan Poole,SG,GSW,55,1573,24,70,7,0,0,guard_percent,94,6,4,194,76
30024,2022,4964,Jordan Schakel,SG,WAS,2,14,9,91,0,0,0,guard_percent,100,6,6,200,78
30025,2022,4965,Jose Alvarado,PG,NOP,33,422,100,0,0,0,0,guard_percent,100,6,0,179,72
30026,2022,4966,Josh Christopher,SG,HOU,52,852,8,66,25,1,0,small_wing_percent,91,6,5,215,77
30027,2022,4967,Josh Giddey,SG,OKC,54,1700,5,58,36,2,0,small_wing_percent,94,6,8,210,80
30028,2022,4850,Josh Green,SG,DAL,46,658,1,52,46,0,0,small_wing_percent,98,6,5,200,77
30030,2022,4525,Josh Hart,SG,NOP,41,1374,10,63,27,0,0,small_wing_percent,90,6,5,215,77
30031,2022,4525,Josh Hart,SF,POR,5,168,0,55,43,1,0,small_wing_percent,98,6,5,215,77
30033,2022,4526,Josh Jackson,SF,DET,39,707,0,0,47,53,0,big_wing_percent,100,6,8,207,80
30034,2022,4526,Josh Jackson,SF,SAC,2,5,0,66,0,34,0,guard_percent,66,6,8,207,80
30034,2022,4526,Josh Jackson,SF,SAC,2,5,0,66,0,34,0,small_wing_percent,66,6,8,207,80
30035,2022,4644,Josh Okogie,SG,MIN,34,412,1,39,56,4,0,small_wing_percent,95,6,4,213,76
30037,2022,4336,Josh Richardson,SG,BOS,44,1087,1,82,16,0,0,small_wing_percent,98,6,5,200,77
30038,2022,4336,Josh Richardson,SG,SAS,3,47,3,55,42,0,0,small_wing_percent,97,6,5,200,77
30039,2022,4968,Joshua Primo,SG,SAS,32,502,2,35,61,3,0,small_wing_percent,96,6,6,190,78
30040,2022,3891,Jrue Holiday,PG,MIL,49,1616,97,3,0,0,0,guard_percent,100,6,3,205,75
30041,2022,4969,JT Thor,PF,CHO,22,222,0,3,16,42,39,big_percent,81,6,10,205,82
30043,2022,4419,Juan Hernangómez,PF,BOS,18,96,0,0,12,84,5,big_wing_percent,96,NA,NA,NA,NA
30044,2022,4419,Juan Hernangómez,PF,SAS,5,51,0,0,0,64,37,big_percent,101,NA,NA,NA,NA
30045,2022,4419,Juan Hernangómez,PF,UTA,2,5,0,0,0,100,0,big_wing_percent,100,NA,NA,NA,NA
30045,2022,4419,Juan Hernangómez,PF,UTA,2,5,0,0,0,100,0,big_percent,100,NA,NA,NA,NA
30046,2022,4739,Juan Toscano-Anderson,SF,GSW,58,830,0,5,64,29,2,big_wing_percent,93,6,6,209,78
30047,2022,4266,Julius Randle,PF,NYK,59,2107,0,0,1,91,8,big_percent,99,6,8,250,80
30049,2022,4337,Justin Anderson,SF,CLE,3,47,0,6,75,19,0,big_wing_percent,94,NA,NA,NA,NA
30050,2022,4337,Justin Anderson,SF,IND,3,30,0,10,90,0,0,small_wing_percent,100,NA,NA,NA,NA
30051,2022,4970,Justin Champagnie,SF,TOR,34,273,19,59,23,0,0,small_wing_percent,82,6,6,200,78
30053,2022,4102,Justin Holiday,SF,IND,49,1416,0,10,77,12,1,big_wing_percent,89,6,6,180,78
30054,2022,4102,Justin Holiday,SG,SAC,7,209,0,54,38,8,0,small_wing_percent,92,6,6,180,78
30056,2022,4528,Justin Jackson,SF,BOS,1,2,0,0,0,100,0,big_wing_percent,100,NA,NA,NA,NA
30056,2022,4528,Justin Jackson,SF,BOS,1,2,0,0,0,100,0,big_percent,100,NA,NA,NA,NA
30057,2022,4528,Justin Jackson,SF,PHO,6,35,0,46,24,30,0,small_wing_percent,70,NA,NA,NA,NA
30059,2022,4741,Justin Robinson,PG,MIL,17,198,100,0,0,0,0,guard_percent,100,NA,NA,NA,NA
30060,2022,4741,Justin Robinson,PG,SAC,3,15,100,0,0,0,0,guard_percent,100,NA,NA,NA,NA
30061,2022,4741,Justin Robinson,PG,DET,5,91,55,45,0,0,0,guard_percent,100,NA,NA,NA,NA
30063,2022,4338,Justise Winslow,SF,LAC,37,479,0,0,8,72,20,big_percent,92,6,6,222,78
30064,2022,4338,Justise Winslow,SF,POR,7,210,0,0,15,85,0,big_wing_percent,100,6,6,222,78
30065,2022,4267,Jusuf Nurkić,C,POR,56,1579,0,0,0,0,100,big_percent,100,6,11,290,83
30066,2022,4743,Juwan Morgan,PF,TOR,1,27,0,0,47,53,0,big_wing_percent,100,NA,NA,NA,NA
30067,2022,4971,Kai Jones,C,CHO,18,55,0,0,11,47,42,big_percent,89,6,11,218,83
30068,2022,4339,Karl-Anthony Towns,C,MIN,55,1878,0,0,0,0,100,big_percent,100,6,11,248,83
30069,2022,4972,Keifer Sykes,PG,IND,22,403,100,0,0,0,0,guard_percent,100,6,0,180,72
30070,2022,4646,Keita Bates-Diop,SF,SAS,48,790,0,0,18,79,4,big_wing_percent,97,6,8,229,80
30072,2022,4744,Kelan Martin,SF,IND,27,444,0,3,68,28,1,big_wing_percent,96,6,5,230,77
30073,2022,4744,Kelan Martin,SF,BOS,1,3,0,100,0,0,0,guard_percent,100,6,5,230,77
30073,2022,4744,Kelan Martin,SF,BOS,1,3,0,100,0,0,0,small_wing_percent,100,6,5,230,77
30074,2022,4745,Keldon Johnson,SF,SAS,57,1797,0,2,49,48,1,big_wing_percent,97,6,5,220,77
30075,2022,4853,Keljin Blevins,SF,POR,14,85,0,56,29,15,0,small_wing_percent,85,6,4,200,76
30076,2022,4177,Kelly Olynyk,C,DET,24,481,0,0,0,0,100,big_percent,100,6,11,240,83
30077,2022,4341,Kelly Oubre Jr.,SF,CHO,57,1625,1,37,56,7,0,small_wing_percent,93,6,7,203,79
30078,2022,4034,Kemba Walker,PG,NYK,37,948,100,0,0,0,0,guard_percent,100,6,0,184,72
30079,2022,4647,Kenrich Williams,SF,OKC,49,1072,0,3,62,34,1,big_wing_percent,96,6,6,210,78
30080,2022,4104,Kent Bazemore,SF,LAL,33,466,0,19,67,14,0,small_wing_percent,86,6,4,195,76
30081,2022,4178,Kentavious Caldwell-Pope,SG,WAS,57,1694,1,35,64,0,0,small_wing_percent,99,6,5,204,77
30082,2022,4854,Kenyon Martin Jr.,SF,HOU,57,1133,0,0,15,76,9,big_wing_percent,91,6,6,215,78
30084,2022,4973,Keon Johnson,SG,LAC,15,135,45,55,1,0,0,guard_percent,100,6,5,186,77
30085,2022,4973,Keon Johnson,SG,POR,2,43,0,72,28,0,0,small_wing_percent,100,6,5,186,77
30086,2022,4974,Kessler Edwards,SF,BRK,31,746,0,2,30,66,3,big_wing_percent,96,6,8,215,80
30087,2022,3770,Kevin Durant,PF,BRK,36,1313,0,0,1,60,39,big_percent,99,6,10,240,82
30088,2022,4648,Kevin Huerter,SG,ATL,53,1544,1,90,9,0,0,small_wing_percent,99,6,7,190,79
30090,2022,4649,Kevin Knox,SF,NYK,13,111,0,0,26,72,1,big_wing_percent,98,6,7,215,79
30091,2022,4649,Kevin Knox,SF,ATL,10,69,0,19,46,35,0,big_wing_percent,81,6,7,215,79
30092,2022,3830,Kevin Love,PF,CLE,53,1173,0,0,24,69,7,big_wing_percent,93,6,8,251,80
30093,2022,4975,Kevin Pangos,PG,CLE,24,166,93,7,0,0,0,guard_percent,100,NA,NA,NA,NA
30094,2022,4748,Kevin Porter Jr.,PG,HOU,40,1194,97,3,0,0,0,guard_percent,100,6,4,203,76
30095,2022,4342,Kevon Looney,C,GSW,61,1305,0,0,0,1,99,big_percent,100,6,9,222,81
30096,2022,4531,Khem Birch,C,TOR,34,619,0,0,0,0,100,big_percent,100,6,9,233,81
30097,2022,4107,Khris Middleton,SF,MIL,50,1604,0,11,52,34,2,big_wing_percent,86,6,7,222,79
30098,2022,4855,Killian Hayes,PG,DET,49,1197,67,32,1,0,0,guard_percent,99,6,5,195,77
30099,2022,4856,Killian Tillie,C,MEM,33,442,0,0,0,29,71,big_percent,100,6,9,220,81
30100,2022,4857,Kira Lewis Jr.,PG,NOP,24,341,92,8,0,0,0,guard_percent,100,6,1,170,73
30101,2022,4036,Klay Thompson,SG,GSW,17,429,0,46,49,5,0,small_wing_percent,95,6,6,215,78
30102,2022,4343,Kristaps Porziņģis,PF,DAL,34,1002,0,0,0,39,61,big_percent,100,7,3,240,87
30103,2022,4271,Kyle Anderson,PF,MEM,50,1088,0,0,10,62,27,big_percent,89,6,9,230,81
30104,2022,4751,Kyle Guy,SG,MIA,16,178,53,48,0,0,0,guard_percent,101,6,1,167,73
30105,2022,4534,Kyle Kuzma,PF,WAS,57,1910,0,0,3,85,12,big_percent,97,6,9,221,81
30106,2022,3685,Kyle Lowry,PG,MIA,48,1647,100,0,0,0,0,guard_percent,100,6,0,196,72
30107,2022,4037,Kyrie Irving,PG,BRK,15,546,32,68,0,0,0,guard_percent,100,6,2,195,74
30108,2022,4752,KZ Okpala,PF,MIA,21,244,0,0,1,56,43,big_percent,99,NA,NA,NA,NA
30109,2022,4858,Lamar Stevens,PF,CLE,43,598,0,33,55,12,0,small_wing_percent,88,6,6,230,78
30110,2022,3686,LaMarcus Aldridge,C,BRK,42,950,0,0,0,0,100,big_percent,100,6,11,250,83
30111,2022,4859,LaMelo Ball,PG,CHO,56,1831,97,3,0,0,0,guard_percent,100,6,7,180,79
30113,2022,3954,Lance Stephenson,SF,ATL,6,70,0,28,48,24,0,small_wing_percent,76,6,6,230,78
30114,2022,3954,Lance Stephenson,SG,IND,25,501,11,36,38,15,0,small_wing_percent,74,6,6,230,78
30115,2022,4652,Landry Shamet,SG,PHO,48,939,2,80,18,0,0,small_wing_percent,98,6,4,190,76
30117,2022,4272,Langston Galloway,SG,BRK,4,58,4,57,38,0,0,small_wing_percent,95,NA,NA,NA,NA
30118,2022,4272,Langston Galloway,SG,MIL,3,49,100,0,0,0,0,guard_percent,100,NA,NA,NA,NA
30119,2022,4345,Larry Nance Jr.,PF,POR,37,858,0,0,0,48,52,big_percent,100,6,7,245,79
30120,2022,4535,Lauri Markkanen,PF,CLE,41,1245,0,0,0,74,26,big_percent,100,7,0,240,84
30121,2022,4976,Leandro Bolmaro,SF,MIN,25,188,0,28,53,19,0,small_wing_percent,81,6,6,200,78
30122,2022,3463,LeBron James,SF,LAL,43,1580,0,0,31,63,7,big_wing_percent,94,6,9,250,81
30123,2022,4977,Lindell Wigginton,PG,MIL,12,115,92,9,0,0,0,guard_percent,101,6,2,189,74
30124,2022,4978,Lindy Waters III,SG,OKC,6,55,0,65,28,7,0,small_wing_percent,93,6,6,215,78
30125,2022,4653,Lonnie Walker,SG,SAS,57,1314,3,58,38,1,0,small_wing_percent,96,6,4,204,76
30126,2022,4537,Lonzo Ball,PG,CHI,35,1212,82,18,0,0,0,guard_percent,100,6,6,190,78
30127,2022,3619,Lou Williams,PG,ATL,41,598,82,18,0,0,0,guard_percent,100,6,1,175,73
30128,2022,4753,Louis King,SF,SAC,10,104,0,8,56,35,1,big_wing_percent,91,NA,NA,NA,NA
30129,2022,4754,Luguentz Dort,SF,OKC,51,1665,1,16,65,19,0,big_wing_percent,84,6,3,215,75
30130,2022,4654,Luka Dončić,PG,DAL,46,1631,33,63,4,0,0,guard_percent,96,6,7,230,79
30131,2022,4979,Luka Garza,C,DET,29,340,0,0,0,1,99,big_percent,100,6,11,235,83
30132,2022,4538,Luke Kennard,SG,LAC,52,1446,11,83,6,0,0,guard_percent,94,6,5,206,77
30134,2022,4539,Luke Kornet,C,CLE,2,15,0,0,0,13,87,big_percent,100,7,2,250,86
30135,2022,4539,Luke Kornet,C,MIL,1,3,0,0,0,0,100,big_percent,100,7,2,250,86
30136,2022,4539,Luke Kornet,C,BOS,3,16,0,0,0,0,100,big_percent,100,7,2,250,86
30137,2022,4980,M.J. Walker,SG,PHO,2,8,0,65,35,0,0,small_wing_percent,100,NA,NA,NA,NA
30138,2022,4981,Mac McClung,PG,CHI,1,3,0,100,0,0,0,guard_percent,100,NA,NA,NA,NA
30138,2022,4981,Mac McClung,PG,CHI,1,3,0,100,0,0,0,small_wing_percent,100,NA,NA,NA,NA
30139,2022,4860,Malachi Flynn,PG,TOR,37,370,99,1,0,0,0,guard_percent,100,6,1,175,73
30140,2022,4424,Malcolm Brogdon,PG,IND,30,994,71,28,0,0,0,guard_percent,99,6,5,229,77
30142,2022,4982,Malcolm Hill,SG,ATL,3,46,0,24,65,11,0,small_wing_percent,89,6,6,220,78
30143,2022,4982,Malcolm Hill,SF,CHI,14,151,0,3,62,35,0,big_wing_percent,97,6,6,220,78
30144,2022,4426,Malik Beasley,SG,MIN,61,1531,18,73,9,0,0,guard_percent,91,6,4,187,76
30146,2022,4861,Malik Fitts,PF,UTA,7,35,0,0,0,67,33,big_percent,100,6,8,230,80
30147,2022,4861,Malik Fitts,PF,BOS,1,3,0,0,0,100,0,big_wing_percent,100,6,8,230,80
30147,2022,4861,Malik Fitts,PF,BOS,1,3,0,0,0,100,0,big_percent,100,6,8,230,80
30148,2022,4541,Malik Monk,SG,LAL,54,1457,21,51,28,0,0,small_wing_percent,79,6,3,200,75
30149,2022,4756,Malik Newman,PG,CLE,1,8,100,0,0,0,0,guard_percent,100,NA,NA,NA,NA
30150,2022,4862,Mamadi Diakite,PF,OKC,13,188,0,0,0,10,90,big_percent,100,NA,NA,NA,NA
30151,2022,4983,Marcus Garrett,SG,MIA,12,128,2,62,36,1,0,small_wing_percent,98,NA,NA,NA,NA
30152,2022,4042,Marcus Morris,PF,LAC,38,1139,0,0,35,57,8,big_wing_percent,92,6,8,218,80
30153,2022,4275,Marcus Smart,PG,BOS,53,1731,100,0,0,0,0,guard_percent,100,6,3,220,75
30154,2022,4544,Markelle Fultz,PG,ORL,1,16,100,0,0,0,0,guard_percent,100,6,3,209,75
30155,2022,4043,Markieff Morris,PF,MIA,10,187,0,0,0,86,14,big_percent,100,6,9,245,81
30156,2022,4984,Marko Simonovic,C,CHI,9,35,0,0,0,8,92,big_percent,100,6,11,216,83
30157,2022,4863,Markus Howard,SG,DEN,24,140,3,66,31,0,0,small_wing_percent,97,5,10,175,70
30158,2022,4428,Marquese Chriss,PF,DAL,23,256,0,0,0,21,79,big_percent,100,6,9,240,81
30160,2022,4656,Marvin Bagley III,PF,SAC,30,656,0,0,0,78,22,big_percent,100,6,11,235,83
30161,2022,4656,Marvin Bagley III,PF,DET,4,90,0,0,0,80,20,big_percent,100,6,11,235,83
30162,2022,4864,Mason Jones,SG,LAL,2,9,0,100,0,0,0,guard_percent,100,6,4,200,76
30162,2022,4864,Mason Jones,SG,LAL,2,9,0,100,0,0,0,small_wing_percent,100,6,4,200,76
30163,2022,4180,Mason Plumlee,C,CHO,54,1363,0,0,0,0,100,big_percent,100,6,11,254,83
30164,2022,4760,Matisse Thybulle,SG,PHI,45,1185,3,49,47,2,0,small_wing_percent,96,6,5,201,77
30165,2022,4761,Matt Mooney,SG,NYK,1,2,100,0,0,0,0,guard_percent,100,NA,NA,NA,NA
30166,2022,4762,Matt Thomas,SG,CHI,37,451,47,50,3,0,0,guard_percent,97,6,4,190,76
30167,2022,4115,Maurice Harkless,SF,SAC,43,842,0,2,74,24,0,big_wing_percent,98,6,7,220,79
30168,2022,4763,Max Strus,SF,MIA,49,1149,0,14,49,37,0,big_wing_percent,86,6,5,215,77
30169,2022,4547,Maxi Kleber,PF,DAL,44,1104,0,0,0,64,36,big_percent,100,6,10,240,82
30170,2022,4985,McKinley Wright IV,PG,MIN,3,9,86,14,0,0,0,guard_percent,100,6,0,196,72
30171,2022,4986,Micah Potter,C,DET,3,31,0,0,0,0,100,big_percent,100,NA,NA,NA,NA
30172,2022,4766,Michael Porter Jr.,SF,DEN,9,265,0,0,91,9,0,big_wing_percent,100,6,10,218,82
30173,2022,4658,Mikal Bridges,SF,PHO,61,2127,0,8,88,3,0,small_wing_percent,96,6,6,209,78
30174,2022,3779,Mike Conley,PG,UTA,54,1528,100,0,0,0,0,guard_percent,100,6,1,175,73
30175,2022,4183,Mike Muscala,C,OKC,43,592,0,0,0,0,100,big_percent,100,6,10,240,82
30176,2022,4659,Miles Bridges,PF,CHO,61,2206,0,0,13,74,13,big_wing_percent,87,6,6,225,78
30176,2022,4659,Miles Bridges,PF,CHO,61,2206,0,0,13,74,13,big_percent,87,6,6,225,78
30177,2022,4987,Miles McBride,PG,NYK,22,153,95,5,0,0,0,guard_percent,100,6,2,200,74
30178,2022,4661,Mitchell Robinson,C,NYK,55,1394,0,0,0,0,100,big_percent,100,7,0,240,84
30179,2022,4767,Miye Oni,SG,UTA,16,44,0,10,84,6,0,small_wing_percent,94,NA,NA,NA,NA
30180,2022,4662,Mo Bamba,C,ORL,51,1328,0,0,0,2,98,big_percent,100,7,0,231,84
30181,2022,4551,Monte Morris,PG,DEN,55,1646,88,12,0,0,0,guard_percent,100,6,2,183,74
30183,2022,4349,Montrezl Harrell,C,WAS,46,1117,0,0,0,0,100,big_percent,100,6,7,240,79
30184,2022,4349,Montrezl Harrell,C,CHO,7,200,0,0,0,18,82,big_percent,100,6,7,240,79
30185,2022,4663,Moritz Wagner,C,ORL,45,564,0,0,0,24,76,big_percent,100,6,11,245,83
30186,2022,4768,Moses Brown,C,DAL,26,169,0,0,0,2,98,big_percent,100,NA,NA,NA,NA
30187,2022,4988,Moses Moody,SG,GSW,36,359,0,36,55,8,0,small_wing_percent,91,6,6,205,78
30188,2022,4989,Moses Wright,PF,LAC,1,1,0,0,0,0,100,big_percent,100,6,9,233,81
30189,2022,4769,Mychal Mulder,PG,ORL,15,195,84,16,0,0,0,guard_percent,100,NA,NA,NA,NA
30190,2022,4990,Myles Powell,PG,PHI,11,52,100,0,0,0,0,guard_percent,100,6,2,195,74
30191,2022,4350,Myles Turner,C,IND,42,1235,0,0,0,0,100,big_percent,100,6,11,250,83
30192,2022,4865,Naji Marshall,SF,NOP,34,340,0,12,54,33,1,big_wing_percent,87,6,7,220,79
30193,2022,4770,Nassir Little,SF,POR,42,1088,0,0,64,35,0,big_wing_percent,99,6,5,220,77
30194,2022,4867,Nate Hinton,SG,IND,2,2,0,100,0,0,0,guard_percent,100,NA,NA,NA,NA
30194,2022,4867,Nate Hinton,SG,IND,2,2,0,100,0,0,0,small_wing_percent,100,NA,NA,NA,NA
30195,2022,4868,Nathan Knight,PF,MIN,28,194,0,0,0,28,72,big_percent,100,6,10,253,82
30196,2022,4771,Naz Reid,C,MIN,59,938,0,0,0,9,91,big_percent,100,6,9,264,81
30197,2022,4991,Neemias Queta,C,SAC,10,56,0,0,0,0,100,big_percent,100,7,0,245,84
30198,2022,4351,Nemanja Bjelica,C,GSW,55,838,0,0,0,0,100,big_percent,100,6,10,234,82
30199,2022,4278,Nerlens Noel,C,NYK,25,562,0,0,0,0,100,big_percent,100,6,11,220,83
30200,2022,4869,Nick Richards,C,CHO,41,344,0,0,0,0,100,big_percent,100,7,0,245,84
30202,2022,4772,Nickeil Alexander-Walker,SG,NOP,50,1317,4,40,42,15,0,small_wing_percent,82,6,6,205,78
30203,2022,4772,Nickeil Alexander-Walker,SG,UTA,2,5,0,59,41,0,0,small_wing_percent,100,6,6,205,78
30204,2022,3841,Nicolas Batum,PF,LAC,42,1032,0,0,0,86,14,big_percent,100,6,8,230,80
30205,2022,4773,Nicolas Claxton,C,BRK,27,553,0,0,0,4,96,big_percent,100,NA,NA,NA,NA
30206,2022,4280,Nik Stauskas,SG,MIA,2,24,0,9,91,0,0,small_wing_percent,100,6,6,205,78
30207,2022,4352,Nikola Jokić,C,DEN,55,1813,0,0,0,0,100,big_percent,100,6,11,284,83
30208,2022,4047,Nikola Vučević,C,CHI,55,1855,0,0,0,0,100,big_percent,100,6,10,260,82
30210,2022,4353,Norman Powell,SF,POR,40,1333,0,18,75,7,0,small_wing_percent,93,6,3,215,75
30211,2022,4353,Norman Powell,SG,LAC,3,80,33,67,0,0,0,guard_percent,100,6,3,215,75
30212,2022,4776,Norvel Pelle,C,UTA,3,19,0,0,0,5,95,big_percent,100,NA,NA,NA,NA
30213,2022,4871,Obi Toppin,PF,NYK,56,842,0,0,0,97,3,big_percent,100,6,9,220,81
30214,2022,4555,OG Anunoby,SF,TOR,42,1541,6,30,57,8,0,small_wing_percent,87,6,7,232,79
30215,2022,4992,Olivier Sarr,C,OKC,5,61,0,0,0,0,100,big_percent,100,7,0,237,84
30216,2022,4993,Omer Yurtseven,C,MIA,44,611,0,0,0,0,100,big_percent,100,7,0,264,84
30217,2022,4872,Onyeka Okongwu,C,ATL,28,604,0,0,0,2,99,big_percent,101,6,8,235,80
30218,2022,4777,Oshae Brissett,SF,IND,50,1054,0,0,20,77,3,big_wing_percent,97,6,7,210,79
30219,2022,4189,Otto Porter,PF,GSW,50,1072,0,0,0,65,35,big_percent,100,6,8,198,80
30220,2022,3698,P.J. Tucker,PF,MIA,55,1564,0,0,0,95,5,big_percent,100,6,5,245,77
30221,2022,4778,P.J. Washington,PF,CHO,46,1183,0,0,3,33,64,big_percent,97,6,7,230,79
30222,2022,4994,Paris Bass,SF,PHO,2,7,0,0,100,0,0,small_wing_percent,100,NA,NA,NA,NA
30222,2022,4994,Paris Bass,SF,PHO,2,7,0,0,100,0,0,big_wing_percent,100,NA,NA,NA,NA
30223,2022,4437,Pascal Siakam,PF,TOR,47,1758,0,0,0,55,45,big_percent,100,6,9,230,81
30224,2022,4354,Pat Connaughton,SG,MIL,54,1457,1,28,59,12,0,small_wing_percent,87,6,5,209,77
30225,2022,4124,Patrick Beverley,PG,MIN,43,1131,97,3,0,0,0,guard_percent,100,6,1,180,73
30226,2022,4873,Patrick Williams,PF,CHI,5,125,0,0,0,80,20,big_percent,100,6,7,215,79
30227,2022,3898,Patty Mills,PG,BRK,61,1868,100,0,0,0,0,guard_percent,100,6,1,180,73
30228,2022,3969,Paul George,SF,LAC,26,924,0,4,49,45,2,big_wing_percent,94,6,8,220,80
30230,2022,3701,Paul Millsap,PF,BRK,24,270,0,0,10,61,30,big_percent,91,6,7,257,79
30231,2022,3701,Paul Millsap,PF,PHI,4,44,0,0,0,21,80,big_percent,101,6,7,257,79
30232,2022,4874,Paul Reed,C,PHI,25,231,0,0,0,30,71,big_percent,101,6,9,210,81
30233,2022,4779,Paul Watson,SF,OKC,9,156,0,13,27,60,0,big_wing_percent,87,NA,NA,NA,NA
30234,2022,4875,Payton Pritchard,SG,BOS,52,661,80,20,0,0,0,guard_percent,100,6,1,195,73
30235,2022,4995,Petr Cornelie,PF,DEN,13,38,0,0,4,75,22,big_percent,97,NA,NA,NA,NA
30236,2022,4557,PJ Dozier,SG,DEN,18,340,0,16,60,25,0,big_wing_percent,85,NA,NA,NA,NA
30237,2022,4876,Precious Achiuwa,C,TOR,51,1184,0,0,0,1,100,big_percent,101,6,8,225,80
30238,2022,4996,Quentin Grimes,SG,NYK,40,696,16,79,6,0,0,guard_percent,95,6,5,205,77
30239,2022,4780,Quinndary Weatherspoon,SG,GSW,5,33,7,62,31,0,0,small_wing_percent,93,6,3,205,75
30240,2022,4877,R.J. Hampton,SG,ORL,44,856,28,68,5,0,0,guard_percent,96,6,4,175,76
30242,2022,3704,Rajon Rondo,PG,LAL,18,289,89,12,0,0,0,guard_percent,101,6,1,180,73
30243,2022,3704,Rajon Rondo,PG,CLE,14,304,97,3,0,0,0,guard_percent,100,6,1,180,73
30244,2022,4358,Raul Neto,PG,WAS,51,1057,91,10,0,0,0,guard_percent,101,6,1,180,73
30245,2022,4781,Rayjon Tucker,SG,DEN,3,29,23,71,6,0,0,guard_percent,94,NA,NA,NA,NA
30246,2022,4194,Reggie Bullock,SF,DAL,51,1309,0,15,60,25,0,big_wing_percent,85,6,6,205,78
30247,2022,4050,Reggie Jackson,SG,LAC,59,1830,69,31,0,0,0,guard_percent,100,6,2,208,74
30249,2022,4878,Reggie Perry,PF,POR,2,41,0,0,0,0,100,big_percent,100,NA,NA,NA,NA
30250,2022,4878,Reggie Perry,PF,IND,1,10,0,0,0,0,100,big_percent,100,NA,NA,NA,NA
30251,2022,4359,Richaun Holmes,C,SAC,41,1012,0,0,0,0,100,big_percent,100,6,10,235,82
30252,2022,4051,Ricky Rubio,PG,CLE,34,970,47,53,0,0,0,guard_percent,100,6,2,190,74
30253,2022,4782,RJ Barrett,SF,NYK,50,1663,0,2,94,4,0,big_wing_percent,98,6,6,214,78
30254,2022,4997,RJ Nembhard Jr.,SG,CLE,8,48,57,36,8,0,0,guard_percent,93,6,5,200,77
30255,2022,4998,Rob Edwards,SG,OKC,2,11,19,17,64,0,0,small_wing_percent,81,NA,NA,NA,NA
30257,2022,4197,Robert Covington,PF,POR,48,1431,0,0,1,90,9,big_percent,99,6,7,209,79
30258,2022,4197,Robert Covington,SF,LAC,9,181,0,1,23,74,1,big_wing_percent,97,6,7,209,79
30259,2022,4667,Robert Williams,C,BOS,50,1491,0,0,0,39,61,big_percent,100,6,8,237,80
30260,2022,4880,Robert Woodard,SF,SAC,12,42,0,0,48,52,0,big_wing_percent,100,NA,NA,NA,NA
30261,2022,3845,Robin Lopez,C,ORL,27,466,0,0,0,0,100,big_percent,100,7,0,281,84
30263,2022,4285,Rodney Hood,SF,MIL,39,581,1,11,41,46,2,big_wing_percent,87,6,8,208,80
30264,2022,4285,Rodney Hood,SG,LAC,2,14,0,2,98,0,0,small_wing_percent,100,6,8,208,80
30265,2022,4443,Rodney McGruder,SG,DET,36,497,0,41,55,5,0,small_wing_percent,96,6,4,205,76
30266,2022,4783,Romeo Langford,SG,BOS,44,728,3,43,52,2,0,small_wing_percent,95,6,4,216,76
30267,2022,4560,Royce O'Neale,SF,UTA,56,1753,0,23,76,1,0,small_wing_percent,99,6,4,226,76
30268,2022,3713,Rudy Gay,PF,UTA,36,712,0,0,0,71,29,big_percent,100,6,8,250,80
30269,2022,4199,Rudy Gobert,C,UTA,46,1476,0,0,0,0,100,big_percent,100,7,1,258,85
30270,2022,4784,Rui Hachimura,PF,WAS,20,372,0,0,33,57,10,big_wing_percent,90,6,8,230,80
30271,2022,3849,Russell Westbrook,PG,LAL,59,2031,92,8,1,0,0,guard_percent,100,6,3,200,75
30272,2022,4881,Saben Lee,PG,DET,28,407,100,0,0,0,0,guard_percent,100,6,2,183,74
30273,2022,4882,Saddiq Bey,SF,DET,61,2046,0,7,50,44,0,big_wing_percent,94,6,7,215,79
30274,2022,4362,Sam Dekker,PF,TOR,1,1,0,0,0,0,100,big_percent,100,NA,NA,NA,NA
30275,2022,4999,Sam Hauser,SF,BOS,13,62,0,0,45,55,0,big_wing_percent,100,6,8,215,80
30276,2022,4883,Sam Merrill,SG,MEM,6,58,66,15,11,8,0,guard_percent,81,6,4,205,76
30277,2022,5000,Sandro Mamukelashvili,PF,MIL,34,315,0,0,1,41,59,big_percent,100,6,11,240,83
30278,2022,5001,Santi Aldama,PF,MEM,27,277,0,0,3,63,34,big_percent,97,6,11,224,83
30279,2022,5002,Scottie Barnes,PF,TOR,52,1823,0,0,29,62,9,big_wing_percent,91,6,9,227,81
30280,2022,5003,Scottie Lewis,SG,CHO,2,7,33,67,0,0,0,guard_percent,100,6,5,189,77
30281,2022,4201,Scotty Hopson,SG,OKC,1,18,0,21,79,0,0,small_wing_percent,100,NA,NA,NA,NA
30282,2022,4785,Sekou Doumbouya,PF,LAL,2,16,0,0,0,100,0,big_wing_percent,100,NA,NA,NA,NA
30282,2022,4785,Sekou Doumbouya,PF,LAL,2,16,0,0,0,100,0,big_percent,100,NA,NA,NA,NA
30284,2022,4562,Semi Ojeleye,PF,MIL,20,308,0,1,6,75,18,big_percent,93,6,6,240,78
30285,2022,4562,Semi Ojeleye,PF,LAC,2,13,0,0,0,100,0,big_wing_percent,100,6,6,240,78
30285,2022,4562,Semi Ojeleye,PF,LAC,2,13,0,0,0,100,0,big_percent,100,6,6,240,78
30287,2022,3902,Serge Ibaka,C,LAC,35,538,0,0,0,16,84,big_percent,100,6,10,235,82
30288,2022,3902,Serge Ibaka,PF,MIL,5,110,0,0,8,83,9,big_percent,92,6,10,235,82
30290,2022,4203,Seth Curry,SG,PHI,45,1566,18,76,7,0,0,guard_percent,94,6,2,185,74
30291,2022,4203,Seth Curry,SG,BRK,6,183,14,80,7,0,0,guard_percent,94,6,2,185,74
30292,2022,4670,Shai Gilgeous-Alexander,PG,OKC,46,1593,72,27,1,0,0,guard_percent,99,6,6,180,78
30293,2022,4671,Shake Milton,PG,PHI,33,773,60,40,0,0,0,guard_percent,100,6,5,205,77
30294,2022,5004,Shaq Buchanan,PG,MEM,2,10,0,100,0,0,0,guard_percent,100,NA,NA,NA,NA
30294,2022,5004,Shaq Buchanan,PG,MEM,2,10,0,100,0,0,0,small_wing_percent,100,NA,NA,NA,NA
30295,2022,4563,Shaquille Harrison,SG,BRK,2,23,0,0,72,28,0,big_wing_percent,100,NA,NA,NA,NA
30296,2022,5005,Sharife Cooper,PG,ATL,11,35,99,1,0,0,0,guard_percent,100,6,1,180,73
30297,2022,4885,Skylar Mays,SG,ATL,24,210,26,60,14,0,0,guard_percent,86,6,4,205,76
30298,2022,4207,Solomon Hill,PF,ATL,13,139,0,0,49,51,0,big_wing_percent,100,NA,NA,NA,NA
30300,2022,4291,Spencer Dinwiddie,PG,WAS,44,1330,64,36,0,0,0,guard_percent,100,6,5,215,77
30301,2022,4291,Spencer Dinwiddie,PG,DAL,4,111,37,63,0,0,0,guard_percent,100,6,5,215,77
30302,2022,4364,Stanley Johnson,PF,LAL,26,554,0,0,2,59,40,big_percent,99,6,6,242,78
30303,2022,3903,Stephen Curry,PG,GSW,56,1947,96,4,0,0,0,guard_percent,100,6,2,185,74
30304,2022,4565,Sterling Brown,SG,DAL,38,523,0,16,58,27,0,big_wing_percent,85,6,5,219,77
30305,2022,4208,Steven Adams,C,MEM,59,1557,0,0,0,0,100,big_percent,100,6,11,265,83
30306,2022,4672,Sviatoslav Mykhailiuk,SF,TOR,46,669,11,51,36,3,0,small_wing_percent,87,NA,NA,NA,NA
30307,2022,4365,T.J. McConnell,PG,IND,24,581,100,0,0,0,0,guard_percent,100,6,1,190,73
30308,2022,4788,Tacko Fall,C,CLE,11,59,0,0,0,0,100,big_percent,100,NA,NA,NA,NA
30309,2022,3905,Taj Gibson,C,NYK,39,712,0,0,0,8,92,big_percent,100,6,9,232,81
30310,2022,4789,Talen Horton-Tucker,SG,LAL,44,1140,0,15,78,7,0,small_wing_percent,93,6,4,234,76
30311,2022,4450,Taurean Prince,PF,MIN,50,784,0,2,68,30,0,big_wing_percent,98,6,7,218,79
30312,2022,4791,Terance Mann,SF,LAC,62,1798,0,14,64,22,0,big_wing_percent,86,6,5,215,77
30313,2022,4792,Terence Davis,SG,SAC,30,536,0,47,51,3,0,small_wing_percent,98,6,4,201,76
30314,2022,4131,Terrence Ross,SG,ORL,53,1269,0,26,74,0,0,small_wing_percent,100,6,6,206,78
30315,2022,4366,Terry Rozier,SG,CHO,54,1831,31,69,0,0,0,guard_percent,100,6,1,190,73
30316,2022,5006,Terry Taylor,SG,IND,16,290,0,15,70,15,0,small_wing_percent,85,6,5,230,77
30316,2022,5006,Terry Taylor,SG,IND,16,290,0,15,70,15,0,big_wing_percent,85,6,5,230,77
30318,2022,3791,Thaddeus Young,PF,SAS,26,370,0,0,2,7,91,big_percent,98,6,8,235,80
30319,2022,3791,Thaddeus Young,PF,TOR,5,91,0,12,55,28,6,big_wing_percent,83,6,8,235,80
30320,2022,4367,Thanasis Antetokounmpo,SF,MIL,38,369,2,30,45,23,1,small_wing_percent,75,6,6,219,78
30321,2022,4886,Théo Maledon,PG,OKC,34,483,81,19,0,0,0,guard_percent,100,6,4,175,76
30322,2022,4674,Theo Pinson,SF,DAL,16,120,0,5,42,54,0,big_wing_percent,96,6,5,212,77
30323,2022,4568,Thomas Bryant,C,WAS,18,308,0,0,0,0,100,big_percent,100,6,10,248,82
30325,2022,4294,Tim Frazier,PG,ORL,10,200,100,0,0,0,0,guard_percent,100,NA,NA,NA,NA
30326,2022,4294,Tim Frazier,PG,CLE,1,4,100,0,0,0,0,guard_percent,100,NA,NA,NA,NA
30327,2022,4209,Tim Hardaway Jr.,SG,DAL,42,1245,0,50,48,2,0,small_wing_percent,98,6,5,205,77
30328,2022,4453,Timothé Luwawu-Cabarrot,SF,ATL,37,455,0,5,87,8,0,big_wing_percent,95,6,7,220,79
30329,2022,4055,Tobias Harris,PF,PHI,51,1797,0,0,0,97,3,big_percent,100,6,8,226,80
30331,2022,4454,Tomáš Satoranský,SG,NOP,32,481,5,38,47,11,0,small_wing_percent,85,6,7,210,79
30332,2022,4454,Tomáš Satoranský,SG,SAS,1,9,0,5,96,0,0,small_wing_percent,101,6,7,210,79
30333,2022,4569,Tony Bradley,C,CHI,46,506,0,0,0,0,100,big_percent,100,6,10,248,82
30335,2022,4212,Tony Snell,SG,POR,38,546,4,24,67,5,0,small_wing_percent,91,6,6,213,78
30336,2022,4212,Tony Snell,SG,NOP,5,101,0,37,48,16,0,small_wing_percent,85,6,6,213,78
30338,2022,4570,Torrey Craig,SF,IND,51,1034,0,0,5,83,12,big_percent,95,6,7,221,79
30339,2022,4570,Torrey Craig,SF,PHO,6,116,0,6,62,32,0,big_wing_percent,94,6,7,221,79
30340,2022,4676,Trae Young,PG,ATL,55,1898,100,0,0,0,0,guard_percent,100,6,1,164,73
30341,2022,5007,Trayvon Palmer,SG,DET,1,17,0,0,100,0,0,small_wing_percent,100,NA,NA,NA,NA
30341,2022,5007,Trayvon Palmer,SG,DET,1,17,0,0,100,0,0,big_wing_percent,100,NA,NA,NA,NA
30342,2022,4887,Tre Jones,PG,SAS,49,684,100,0,0,0,0,guard_percent,100,6,1,185,73
30343,2022,5008,Tre Mann,PG,OKC,48,994,100,0,0,0,0,guard_percent,100,6,3,178,75
30344,2022,5009,Tre Scott,SF,CLE,2,11,0,0,17,83,0,big_wing_percent,100,NA,NA,NA,NA
30346,2022,4793,Tremont Waters,PG,TOR,2,42,100,0,0,0,0,guard_percent,100,NA,NA,NA,NA
30347,2022,4793,Tremont Waters,PG,WAS,1,8,100,0,0,0,0,guard_percent,100,NA,NA,NA,NA
30348,2022,5010,Trendon Watford,SF,POR,35,460,0,0,0,37,63,big_percent,100,6,9,240,81
30349,2022,4888,Trent Forrest,PG,UTA,48,590,87,13,0,0,0,guard_percent,100,6,4,210,76
30350,2022,5011,Trevelin Queen,SG,HOU,8,69,32,67,1,0,0,guard_percent,99,6,6,190,78
30351,2022,3563,Trevor Ariza,SF,LAL,22,415,0,0,43,56,2,big_wing_percent,99,6,8,215,80
30352,2022,4214,Trey Burke,PG,DAL,32,346,100,0,0,0,0,guard_percent,100,6,0,185,72
30354,2022,4369,Trey Lyles,PF,DET,51,990,0,0,0,35,65,big_percent,100,6,9,234,81
30355,2022,4369,Trey Lyles,PF,SAC,5,61,0,0,5,94,1,big_wing_percent,99,6,9,234,81
30356,2022,5012,Trey Murphy III,SF,NOP,43,524,0,1,40,57,3,big_wing_percent,97,6,9,206,81
30358,2022,4058,Tristan Thompson,PF,SAC,30,455,0,0,0,52,47,big_percent,99,6,9,254,81
30359,2022,4058,Tristan Thompson,PF,IND,4,66,0,0,0,0,100,big_percent,100,6,9,254,81
30360,2022,4058,Tristan Thompson,PF,CHI,3,46,0,0,0,0,100,big_percent,100,6,9,254,81
30361,2022,4678,Troy Brown Jr.,SF,CHI,51,905,0,8,57,35,0,big_wing_percent,92,6,6,215,78
30362,2022,4794,Ty Jerome,SG,OKC,48,801,31,65,5,0,0,guard_percent,96,6,5,195,77
30363,2022,4795,Tyler Cook,PF,CHI,19,196,0,0,0,26,74,big_percent,100,6,8,255,80
30364,2022,5013,Tyler Hall,SG,NYK,1,2,0,100,0,0,0,guard_percent,100,NA,NA,NA,NA
30364,2022,5013,Tyler Hall,SG,NYK,1,2,0,100,0,0,0,small_wing_percent,100,NA,NA,NA,NA
30365,2022,4796,Tyler Herro,SG,MIA,49,1598,24,66,10,0,0,guard_percent,90,6,5,195,77
30367,2022,4297,Tyler Johnson,PG,PHI,3,38,100,0,0,0,0,guard_percent,100,NA,NA,NA,NA
30368,2022,4297,Tyler Johnson,PG,SAS,3,53,100,0,0,0,0,guard_percent,100,NA,NA,NA,NA
30369,2022,4891,Tyrell Terry,PG,MEM,2,3,100,0,0,0,0,guard_percent,100,6,2,160,74
30371,2022,4892,Tyrese Haliburton,SG,SAC,51,1757,18,78,4,0,0,guard_percent,96,6,5,185,77
30372,2022,4892,Tyrese Haliburton,PG,IND,7,265,74,24,2,0,0,guard_percent,98,6,5,185,77
30373,2022,4893,Tyrese Maxey,PG,PHI,53,1885,99,1,0,0,0,guard_percent,100,6,2,200,74
30374,2022,4370,Tyus Jones,PG,MEM,56,1147,100,0,0,0,0,guard_percent,100,6,0,196,72
30375,2022,4894,Udoka Azubuike,C,UTA,15,178,0,0,0,0,100,big_percent,100,6,10,280,82
30376,2022,3491,Udonis Haslem,C,MIA,9,57,0,0,0,8,92,big_percent,100,6,8,235,80
30377,2022,5014,Usman Garuba,PF,HOU,15,105,0,0,0,35,65,big_percent,100,6,8,220,80
30379,2022,4895,Vernon Carey Jr.,C,CHO,4,17,0,0,0,34,66,big_percent,100,6,9,270,81
30380,2022,4895,Vernon Carey Jr.,C,WAS,1,1,0,0,0,0,100,big_percent,100,6,9,270,81
30381,2022,5015,Vit Krejci,SG,OKC,9,99,0,20,75,5,0,small_wing_percent,95,6,8,195,80
30382,2022,4799,Vlatko Čančar,PF,DEN,14,152,0,5,28,39,28,big_wing_percent,67,6,8,236,80
30382,2022,4799,Vlatko Čančar,PF,DEN,14,152,0,5,28,39,28,big_percent,67,6,8,236,80
30383,2022,3913,Wayne Ellington,SG,LAL,36,679,12,42,44,2,0,small_wing_percent,86,6,4,207,76
30384,2022,4459,Wayne Selden,SG,NYK,3,19,47,48,5,0,0,guard_percent,95,NA,NA,NA,NA
30385,2022,4682,Wendell Carter Jr.,C,ORL,53,1560,0,0,0,60,40,big_percent,100,6,10,270,82
30387,2022,4800,Wenyen Gabriel,PF,BRK,1,1,0,0,0,0,100,big_percent,100,6,9,205,81
30388,2022,4800,Wenyen Gabriel,PF,LAC,6,46,0,0,0,0,100,big_percent,100,6,9,205,81
30389,2022,4578,Wesley Iwundu,SF,ATL,3,82,1,7,64,29,0,big_wing_percent,93,NA,NA,NA,NA
30390,2022,3914,Wesley Matthews,SG,MIL,32,620,13,48,37,2,0,small_wing_percent,85,6,4,220,76
30391,2022,4140,Will Barton,SG,DEN,54,1734,0,65,34,1,0,small_wing_percent,99,6,6,181,78
30393,2022,4371,Willie Cauley-Stein,C,DAL,18,177,0,0,0,0,100,big_percent,100,NA,NA,NA,NA
30394,2022,4371,Willie Cauley-Stein,C,PHI,1,4,0,0,0,0,100,big_percent,100,NA,NA,NA,NA
30395,2022,4460,Willy Hernangómez,C,NOP,33,515,0,0,0,0,100,big_percent,100,6,11,250,83
30396,2022,5016,Xavier Moon,SG,LAC,6,83,94,7,0,0,0,guard_percent,101,NA,NA,NA,NA
30397,2022,5017,Xavier Sneed,SF,MEM,2,8,0,88,12,0,0,small_wing_percent,100,6,5,215,77
30398,2022,4897,Xavier Tillman Sr.,PF,MEM,40,511,0,0,27,63,10,big_wing_percent,90,6,8,245,80
30399,2022,4684,Yuta Watanabe,SF,TOR,28,385,0,6,56,33,4,big_wing_percent,89,6,9,215,81
30400,2022,5018,Yves Pons,SF,MEM,7,22,0,18,78,4,0,small_wing_percent,96,6,6,215,78
30401,2022,4580,Zach Collins,PF,SAS,8,131,0,0,0,1,99,big_percent,100,6,11,250,83
30402,2022,4299,Zach LaVine,SF,CHI,50,1731,0,17,68,14,0,small_wing_percent,85,6,5,200,77
30403,2022,4898,Zeke Nnaji,PF,DEN,39,651,0,0,3,53,43,big_percent,96,6,9,240,81
30404,2022,5019,Ziaire Williams,SF,MEM,43,943,0,1,97,2,0,big_wing_percent,99,6,8,215,80
30405,2022,4804,Zylan Cheatham,SF,UTA,1,5,0,0,0,100,0,big_wing_percent,100,NA,NA,NA,NA
30405,2022,4804,Zylan Cheatham,SF,UTA,1,5,0,0,0,100,0,big_percent,100,NA,NA,NA,NA
